"geoid","region_type","region_name","year","measure","value","measure_type"
"51001","county","Accomack County, Virginia","2015","prevent_hosp_rate",5135,"rate per 100K"
"51001","county","Accomack County, Virginia","2016","prevent_hosp_rate",4607,"rate per 100K"
"51001","county","Accomack County, Virginia","2017","prevent_hosp_rate",4165,"rate per 100K"
"51001","county","Accomack County, Virginia","2018","prevent_hosp_rate",4286,"rate per 100K"
"51001","county","Accomack County, Virginia","2019","prevent_hosp_rate",4745,"rate per 100K"
"51001","county","Accomack County, Virginia","2020","prevent_hosp_rate",4264,"rate per 100K"
"51001","county","Accomack County, Virginia","2021","prevent_hosp_rate",4036,"rate per 100K"
"51003","county","Albemarle County, Virginia","2015","prevent_hosp_rate",4287,"rate per 100K"
"51003","county","Albemarle County, Virginia","2016","prevent_hosp_rate",3658,"rate per 100K"
"51003","county","Albemarle County, Virginia","2017","prevent_hosp_rate",2934,"rate per 100K"
"51003","county","Albemarle County, Virginia","2018","prevent_hosp_rate",2939,"rate per 100K"
"51003","county","Albemarle County, Virginia","2019","prevent_hosp_rate",2837,"rate per 100K"
"51003","county","Albemarle County, Virginia","2020","prevent_hosp_rate",3717,"rate per 100K"
"51003","county","Albemarle County, Virginia","2021","prevent_hosp_rate",3533,"rate per 100K"
"51005","county","Alleghany County, Virginia","2015","prevent_hosp_rate",8532,"rate per 100K"
"51005","county","Alleghany County, Virginia","2016","prevent_hosp_rate",8405,"rate per 100K"
"51005","county","Alleghany County, Virginia","2017","prevent_hosp_rate",7860,"rate per 100K"
"51005","county","Alleghany County, Virginia","2018","prevent_hosp_rate",8530,"rate per 100K"
"51005","county","Alleghany County, Virginia","2019","prevent_hosp_rate",8763,"rate per 100K"
"51005","county","Alleghany County, Virginia","2020","prevent_hosp_rate",7221,"rate per 100K"
"51005","county","Alleghany County, Virginia","2021","prevent_hosp_rate",9113,"rate per 100K"
"51007","county","Amelia County, Virginia","2015","prevent_hosp_rate",4104,"rate per 100K"
"51007","county","Amelia County, Virginia","2016","prevent_hosp_rate",5035,"rate per 100K"
"51007","county","Amelia County, Virginia","2017","prevent_hosp_rate",3986,"rate per 100K"
"51007","county","Amelia County, Virginia","2018","prevent_hosp_rate",3092,"rate per 100K"
"51007","county","Amelia County, Virginia","2019","prevent_hosp_rate",4809,"rate per 100K"
"51007","county","Amelia County, Virginia","2020","prevent_hosp_rate",4610,"rate per 100K"
"51007","county","Amelia County, Virginia","2021","prevent_hosp_rate",5286,"rate per 100K"
"51009","county","Amherst County, Virginia","2015","prevent_hosp_rate",6106,"rate per 100K"
"51009","county","Amherst County, Virginia","2016","prevent_hosp_rate",4533,"rate per 100K"
"51009","county","Amherst County, Virginia","2017","prevent_hosp_rate",4004,"rate per 100K"
"51009","county","Amherst County, Virginia","2018","prevent_hosp_rate",3680,"rate per 100K"
"51009","county","Amherst County, Virginia","2019","prevent_hosp_rate",4318,"rate per 100K"
"51009","county","Amherst County, Virginia","2020","prevent_hosp_rate",5247,"rate per 100K"
"51009","county","Amherst County, Virginia","2021","prevent_hosp_rate",4404,"rate per 100K"
"51011","county","Appomattox County, Virginia","2015","prevent_hosp_rate",6767,"rate per 100K"
"51011","county","Appomattox County, Virginia","2016","prevent_hosp_rate",5661,"rate per 100K"
"51011","county","Appomattox County, Virginia","2017","prevent_hosp_rate",4354,"rate per 100K"
"51011","county","Appomattox County, Virginia","2018","prevent_hosp_rate",5708,"rate per 100K"
"51011","county","Appomattox County, Virginia","2019","prevent_hosp_rate",4471,"rate per 100K"
"51011","county","Appomattox County, Virginia","2020","prevent_hosp_rate",4541,"rate per 100K"
"51011","county","Appomattox County, Virginia","2021","prevent_hosp_rate",4816,"rate per 100K"
"51013","county","Arlington County, Virginia","2015","prevent_hosp_rate",3291,"rate per 100K"
"51013","county","Arlington County, Virginia","2016","prevent_hosp_rate",2847,"rate per 100K"
"51013","county","Arlington County, Virginia","2017","prevent_hosp_rate",2552,"rate per 100K"
"51013","county","Arlington County, Virginia","2018","prevent_hosp_rate",2106,"rate per 100K"
"51013","county","Arlington County, Virginia","2019","prevent_hosp_rate",3001,"rate per 100K"
"51013","county","Arlington County, Virginia","2020","prevent_hosp_rate",2717,"rate per 100K"
"51013","county","Arlington County, Virginia","2021","prevent_hosp_rate",2804,"rate per 100K"
"51015","county","Augusta County, Virginia","2015","prevent_hosp_rate",4484,"rate per 100K"
"51015","county","Augusta County, Virginia","2016","prevent_hosp_rate",4838,"rate per 100K"
"51015","county","Augusta County, Virginia","2017","prevent_hosp_rate",4282,"rate per 100K"
"51015","county","Augusta County, Virginia","2018","prevent_hosp_rate",4489,"rate per 100K"
"51015","county","Augusta County, Virginia","2019","prevent_hosp_rate",4280,"rate per 100K"
"51015","county","Augusta County, Virginia","2020","prevent_hosp_rate",4305,"rate per 100K"
"51015","county","Augusta County, Virginia","2021","prevent_hosp_rate",4113,"rate per 100K"
"51017","county","Bath County, Virginia","2015","prevent_hosp_rate",11531,"rate per 100K"
"51017","county","Bath County, Virginia","2016","prevent_hosp_rate",12112,"rate per 100K"
"51017","county","Bath County, Virginia","2017","prevent_hosp_rate",8337,"rate per 100K"
"51017","county","Bath County, Virginia","2018","prevent_hosp_rate",6288,"rate per 100K"
"51017","county","Bath County, Virginia","2019","prevent_hosp_rate",5590,"rate per 100K"
"51017","county","Bath County, Virginia","2020","prevent_hosp_rate",7214,"rate per 100K"
"51017","county","Bath County, Virginia","2021","prevent_hosp_rate",6972,"rate per 100K"
"51019","county","Bedford County, Virginia","2015","prevent_hosp_rate",4560,"rate per 100K"
"51019","county","Bedford County, Virginia","2016","prevent_hosp_rate",4109,"rate per 100K"
"51019","county","Bedford County, Virginia","2017","prevent_hosp_rate",4177,"rate per 100K"
"51019","county","Bedford County, Virginia","2018","prevent_hosp_rate",NA,"rate per 100K"
"51019","county","Bedford County, Virginia","2019","prevent_hosp_rate",3436,"rate per 100K"
"51019","county","Bedford County, Virginia","2020","prevent_hosp_rate",NA,"rate per 100K"
"51019","county","Bedford County, Virginia","2021","prevent_hosp_rate",NA,"rate per 100K"
"51021","county","Bland County, Virginia","2015","prevent_hosp_rate",8809,"rate per 100K"
"51021","county","Bland County, Virginia","2016","prevent_hosp_rate",7744,"rate per 100K"
"51021","county","Bland County, Virginia","2017","prevent_hosp_rate",7130,"rate per 100K"
"51021","county","Bland County, Virginia","2018","prevent_hosp_rate",5126,"rate per 100K"
"51021","county","Bland County, Virginia","2019","prevent_hosp_rate",3821,"rate per 100K"
"51021","county","Bland County, Virginia","2020","prevent_hosp_rate",4259,"rate per 100K"
"51021","county","Bland County, Virginia","2021","prevent_hosp_rate",3689,"rate per 100K"
"51023","county","Botetourt County, Virginia","2015","prevent_hosp_rate",4903,"rate per 100K"
"51023","county","Botetourt County, Virginia","2016","prevent_hosp_rate",4424,"rate per 100K"
"51023","county","Botetourt County, Virginia","2017","prevent_hosp_rate",4000,"rate per 100K"
"51023","county","Botetourt County, Virginia","2018","prevent_hosp_rate",3910,"rate per 100K"
"51023","county","Botetourt County, Virginia","2019","prevent_hosp_rate",3375,"rate per 100K"
"51023","county","Botetourt County, Virginia","2020","prevent_hosp_rate",3423,"rate per 100K"
"51023","county","Botetourt County, Virginia","2021","prevent_hosp_rate",3639,"rate per 100K"
"51025","county","Brunswick County, Virginia","2015","prevent_hosp_rate",8486,"rate per 100K"
"51025","county","Brunswick County, Virginia","2016","prevent_hosp_rate",7824,"rate per 100K"
"51025","county","Brunswick County, Virginia","2017","prevent_hosp_rate",4722,"rate per 100K"
"51025","county","Brunswick County, Virginia","2018","prevent_hosp_rate",6706,"rate per 100K"
"51025","county","Brunswick County, Virginia","2019","prevent_hosp_rate",6961,"rate per 100K"
"51025","county","Brunswick County, Virginia","2020","prevent_hosp_rate",6000,"rate per 100K"
"51025","county","Brunswick County, Virginia","2021","prevent_hosp_rate",5174,"rate per 100K"
"51027","county","Buchanan County, Virginia","2015","prevent_hosp_rate",18247,"rate per 100K"
"51027","county","Buchanan County, Virginia","2016","prevent_hosp_rate",13460,"rate per 100K"
"51027","county","Buchanan County, Virginia","2017","prevent_hosp_rate",14829,"rate per 100K"
"51027","county","Buchanan County, Virginia","2018","prevent_hosp_rate",10825,"rate per 100K"
"51027","county","Buchanan County, Virginia","2019","prevent_hosp_rate",10521,"rate per 100K"
"51027","county","Buchanan County, Virginia","2020","prevent_hosp_rate",10329,"rate per 100K"
"51027","county","Buchanan County, Virginia","2021","prevent_hosp_rate",7599,"rate per 100K"
"51029","county","Buckingham County, Virginia","2015","prevent_hosp_rate",6438,"rate per 100K"
"51029","county","Buckingham County, Virginia","2016","prevent_hosp_rate",6248,"rate per 100K"
"51029","county","Buckingham County, Virginia","2017","prevent_hosp_rate",4238,"rate per 100K"
"51029","county","Buckingham County, Virginia","2018","prevent_hosp_rate",5085,"rate per 100K"
"51029","county","Buckingham County, Virginia","2019","prevent_hosp_rate",5416,"rate per 100K"
"51029","county","Buckingham County, Virginia","2020","prevent_hosp_rate",4426,"rate per 100K"
"51029","county","Buckingham County, Virginia","2021","prevent_hosp_rate",5710,"rate per 100K"
"51031","county","Campbell County, Virginia","2015","prevent_hosp_rate",5797,"rate per 100K"
"51031","county","Campbell County, Virginia","2016","prevent_hosp_rate",4629,"rate per 100K"
"51031","county","Campbell County, Virginia","2017","prevent_hosp_rate",4034,"rate per 100K"
"51031","county","Campbell County, Virginia","2018","prevent_hosp_rate",4084,"rate per 100K"
"51031","county","Campbell County, Virginia","2019","prevent_hosp_rate",4694,"rate per 100K"
"51031","county","Campbell County, Virginia","2020","prevent_hosp_rate",4641,"rate per 100K"
"51031","county","Campbell County, Virginia","2021","prevent_hosp_rate",3918,"rate per 100K"
"51033","county","Caroline County, Virginia","2015","prevent_hosp_rate",5199,"rate per 100K"
"51033","county","Caroline County, Virginia","2016","prevent_hosp_rate",4562,"rate per 100K"
"51033","county","Caroline County, Virginia","2017","prevent_hosp_rate",4297,"rate per 100K"
"51033","county","Caroline County, Virginia","2018","prevent_hosp_rate",5110,"rate per 100K"
"51033","county","Caroline County, Virginia","2019","prevent_hosp_rate",4921,"rate per 100K"
"51033","county","Caroline County, Virginia","2020","prevent_hosp_rate",5781,"rate per 100K"
"51033","county","Caroline County, Virginia","2021","prevent_hosp_rate",5181,"rate per 100K"
"51035","county","Carroll County, Virginia","2015","prevent_hosp_rate",7627,"rate per 100K"
"51035","county","Carroll County, Virginia","2016","prevent_hosp_rate",6012,"rate per 100K"
"51035","county","Carroll County, Virginia","2017","prevent_hosp_rate",5861,"rate per 100K"
"51035","county","Carroll County, Virginia","2018","prevent_hosp_rate",5236,"rate per 100K"
"51035","county","Carroll County, Virginia","2019","prevent_hosp_rate",4305,"rate per 100K"
"51035","county","Carroll County, Virginia","2020","prevent_hosp_rate",4375,"rate per 100K"
"51035","county","Carroll County, Virginia","2021","prevent_hosp_rate",4458,"rate per 100K"
"51036","county","Charles City County, Virginia","2015","prevent_hosp_rate",5180,"rate per 100K"
"51036","county","Charles City County, Virginia","2016","prevent_hosp_rate",5020,"rate per 100K"
"51036","county","Charles City County, Virginia","2017","prevent_hosp_rate",3309,"rate per 100K"
"51036","county","Charles City County, Virginia","2018","prevent_hosp_rate",5636,"rate per 100K"
"51036","county","Charles City County, Virginia","2019","prevent_hosp_rate",4475,"rate per 100K"
"51036","county","Charles City County, Virginia","2020","prevent_hosp_rate",3895,"rate per 100K"
"51036","county","Charles City County, Virginia","2021","prevent_hosp_rate",4449,"rate per 100K"
"51037","county","Charlotte County, Virginia","2015","prevent_hosp_rate",5661,"rate per 100K"
"51037","county","Charlotte County, Virginia","2016","prevent_hosp_rate",5718,"rate per 100K"
"51037","county","Charlotte County, Virginia","2017","prevent_hosp_rate",4796,"rate per 100K"
"51037","county","Charlotte County, Virginia","2018","prevent_hosp_rate",3752,"rate per 100K"
"51037","county","Charlotte County, Virginia","2019","prevent_hosp_rate",4435,"rate per 100K"
"51037","county","Charlotte County, Virginia","2020","prevent_hosp_rate",4673,"rate per 100K"
"51037","county","Charlotte County, Virginia","2021","prevent_hosp_rate",4941,"rate per 100K"
"51041","county","Chesterfield County, Virginia","2015","prevent_hosp_rate",4549,"rate per 100K"
"51041","county","Chesterfield County, Virginia","2016","prevent_hosp_rate",4177,"rate per 100K"
"51041","county","Chesterfield County, Virginia","2017","prevent_hosp_rate",3673,"rate per 100K"
"51041","county","Chesterfield County, Virginia","2018","prevent_hosp_rate",3600,"rate per 100K"
"51041","county","Chesterfield County, Virginia","2019","prevent_hosp_rate",4032,"rate per 100K"
"51041","county","Chesterfield County, Virginia","2020","prevent_hosp_rate",3931,"rate per 100K"
"51041","county","Chesterfield County, Virginia","2021","prevent_hosp_rate",3516,"rate per 100K"
"51043","county","Clarke County, Virginia","2015","prevent_hosp_rate",6438,"rate per 100K"
"51043","county","Clarke County, Virginia","2016","prevent_hosp_rate",5698,"rate per 100K"
"51043","county","Clarke County, Virginia","2017","prevent_hosp_rate",6019,"rate per 100K"
"51043","county","Clarke County, Virginia","2018","prevent_hosp_rate",5162,"rate per 100K"
"51043","county","Clarke County, Virginia","2019","prevent_hosp_rate",6681,"rate per 100K"
"51043","county","Clarke County, Virginia","2020","prevent_hosp_rate",6287,"rate per 100K"
"51043","county","Clarke County, Virginia","2021","prevent_hosp_rate",5111,"rate per 100K"
"51045","county","Craig County, Virginia","2015","prevent_hosp_rate",5199,"rate per 100K"
"51045","county","Craig County, Virginia","2016","prevent_hosp_rate",6124,"rate per 100K"
"51045","county","Craig County, Virginia","2017","prevent_hosp_rate",4400,"rate per 100K"
"51045","county","Craig County, Virginia","2018","prevent_hosp_rate",4736,"rate per 100K"
"51045","county","Craig County, Virginia","2019","prevent_hosp_rate",3848,"rate per 100K"
"51045","county","Craig County, Virginia","2020","prevent_hosp_rate",5248,"rate per 100K"
"51045","county","Craig County, Virginia","2021","prevent_hosp_rate",4523,"rate per 100K"
"51047","county","Culpeper County, Virginia","2015","prevent_hosp_rate",5853,"rate per 100K"
"51047","county","Culpeper County, Virginia","2016","prevent_hosp_rate",4875,"rate per 100K"
"51047","county","Culpeper County, Virginia","2017","prevent_hosp_rate",4387,"rate per 100K"
"51047","county","Culpeper County, Virginia","2018","prevent_hosp_rate",4264,"rate per 100K"
"51047","county","Culpeper County, Virginia","2019","prevent_hosp_rate",4627,"rate per 100K"
"51047","county","Culpeper County, Virginia","2020","prevent_hosp_rate",4630,"rate per 100K"
"51047","county","Culpeper County, Virginia","2021","prevent_hosp_rate",4609,"rate per 100K"
"51049","county","Cumberland County, Virginia","2015","prevent_hosp_rate",5259,"rate per 100K"
"51049","county","Cumberland County, Virginia","2016","prevent_hosp_rate",4767,"rate per 100K"
"51049","county","Cumberland County, Virginia","2017","prevent_hosp_rate",3306,"rate per 100K"
"51049","county","Cumberland County, Virginia","2018","prevent_hosp_rate",4509,"rate per 100K"
"51049","county","Cumberland County, Virginia","2019","prevent_hosp_rate",6197,"rate per 100K"
"51049","county","Cumberland County, Virginia","2020","prevent_hosp_rate",5643,"rate per 100K"
"51049","county","Cumberland County, Virginia","2021","prevent_hosp_rate",5139,"rate per 100K"
"51051","county","Dickenson County, Virginia","2015","prevent_hosp_rate",12960,"rate per 100K"
"51051","county","Dickenson County, Virginia","2016","prevent_hosp_rate",11140,"rate per 100K"
"51051","county","Dickenson County, Virginia","2017","prevent_hosp_rate",8626,"rate per 100K"
"51051","county","Dickenson County, Virginia","2018","prevent_hosp_rate",8517,"rate per 100K"
"51051","county","Dickenson County, Virginia","2019","prevent_hosp_rate",5112,"rate per 100K"
"51051","county","Dickenson County, Virginia","2020","prevent_hosp_rate",5623,"rate per 100K"
"51051","county","Dickenson County, Virginia","2021","prevent_hosp_rate",5433,"rate per 100K"
"51053","county","Dinwiddie County, Virginia","2015","prevent_hosp_rate",7723,"rate per 100K"
"51053","county","Dinwiddie County, Virginia","2016","prevent_hosp_rate",7078,"rate per 100K"
"51053","county","Dinwiddie County, Virginia","2017","prevent_hosp_rate",5703,"rate per 100K"
"51053","county","Dinwiddie County, Virginia","2018","prevent_hosp_rate",7398,"rate per 100K"
"51053","county","Dinwiddie County, Virginia","2019","prevent_hosp_rate",5965,"rate per 100K"
"51053","county","Dinwiddie County, Virginia","2020","prevent_hosp_rate",6840,"rate per 100K"
"51053","county","Dinwiddie County, Virginia","2021","prevent_hosp_rate",6277,"rate per 100K"
"51057","county","Essex County, Virginia","2015","prevent_hosp_rate",5089,"rate per 100K"
"51057","county","Essex County, Virginia","2016","prevent_hosp_rate",3767,"rate per 100K"
"51057","county","Essex County, Virginia","2017","prevent_hosp_rate",4032,"rate per 100K"
"51057","county","Essex County, Virginia","2018","prevent_hosp_rate",3372,"rate per 100K"
"51057","county","Essex County, Virginia","2019","prevent_hosp_rate",4364,"rate per 100K"
"51057","county","Essex County, Virginia","2020","prevent_hosp_rate",3243,"rate per 100K"
"51057","county","Essex County, Virginia","2021","prevent_hosp_rate",4083,"rate per 100K"
"51059","county","Fairfax County, Virginia","2015","prevent_hosp_rate",3714,"rate per 100K"
"51059","county","Fairfax County, Virginia","2016","prevent_hosp_rate",3286,"rate per 100K"
"51059","county","Fairfax County, Virginia","2017","prevent_hosp_rate",3030,"rate per 100K"
"51059","county","Fairfax County, Virginia","2018","prevent_hosp_rate",2975,"rate per 100K"
"51059","county","Fairfax County, Virginia","2019","prevent_hosp_rate",3271,"rate per 100K"
"51059","county","Fairfax County, Virginia","2020","prevent_hosp_rate",3008,"rate per 100K"
"51059","county","Fairfax County, Virginia","2021","prevent_hosp_rate",2829,"rate per 100K"
"51061","county","Fauquier County, Virginia","2015","prevent_hosp_rate",6135,"rate per 100K"
"51061","county","Fauquier County, Virginia","2016","prevent_hosp_rate",6212,"rate per 100K"
"51061","county","Fauquier County, Virginia","2017","prevent_hosp_rate",5307,"rate per 100K"
"51061","county","Fauquier County, Virginia","2018","prevent_hosp_rate",5532,"rate per 100K"
"51061","county","Fauquier County, Virginia","2019","prevent_hosp_rate",5056,"rate per 100K"
"51061","county","Fauquier County, Virginia","2020","prevent_hosp_rate",4405,"rate per 100K"
"51061","county","Fauquier County, Virginia","2021","prevent_hosp_rate",5501,"rate per 100K"
"51063","county","Floyd County, Virginia","2015","prevent_hosp_rate",4089,"rate per 100K"
"51063","county","Floyd County, Virginia","2016","prevent_hosp_rate",3781,"rate per 100K"
"51063","county","Floyd County, Virginia","2017","prevent_hosp_rate",3477,"rate per 100K"
"51063","county","Floyd County, Virginia","2018","prevent_hosp_rate",3426,"rate per 100K"
"51063","county","Floyd County, Virginia","2019","prevent_hosp_rate",2815,"rate per 100K"
"51063","county","Floyd County, Virginia","2020","prevent_hosp_rate",3563,"rate per 100K"
"51063","county","Floyd County, Virginia","2021","prevent_hosp_rate",3463,"rate per 100K"
"51065","county","Fluvanna County, Virginia","2015","prevent_hosp_rate",4846,"rate per 100K"
"51065","county","Fluvanna County, Virginia","2016","prevent_hosp_rate",3549,"rate per 100K"
"51065","county","Fluvanna County, Virginia","2017","prevent_hosp_rate",3378,"rate per 100K"
"51065","county","Fluvanna County, Virginia","2018","prevent_hosp_rate",3142,"rate per 100K"
"51065","county","Fluvanna County, Virginia","2019","prevent_hosp_rate",3614,"rate per 100K"
"51065","county","Fluvanna County, Virginia","2020","prevent_hosp_rate",3510,"rate per 100K"
"51065","county","Fluvanna County, Virginia","2021","prevent_hosp_rate",3602,"rate per 100K"
"51067","county","Franklin County, Virginia","2015","prevent_hosp_rate",5083,"rate per 100K"
"51067","county","Franklin County, Virginia","2016","prevent_hosp_rate",4630,"rate per 100K"
"51067","county","Franklin County, Virginia","2017","prevent_hosp_rate",4313,"rate per 100K"
"51067","county","Franklin County, Virginia","2018","prevent_hosp_rate",3729,"rate per 100K"
"51067","county","Franklin County, Virginia","2019","prevent_hosp_rate",3945,"rate per 100K"
"51067","county","Franklin County, Virginia","2020","prevent_hosp_rate",3535,"rate per 100K"
"51067","county","Franklin County, Virginia","2021","prevent_hosp_rate",3578,"rate per 100K"
"51069","county","Frederick County, Virginia","2015","prevent_hosp_rate",7702,"rate per 100K"
"51069","county","Frederick County, Virginia","2016","prevent_hosp_rate",7052,"rate per 100K"
"51069","county","Frederick County, Virginia","2017","prevent_hosp_rate",6345,"rate per 100K"
"51069","county","Frederick County, Virginia","2018","prevent_hosp_rate",6369,"rate per 100K"
"51069","county","Frederick County, Virginia","2019","prevent_hosp_rate",6013,"rate per 100K"
"51069","county","Frederick County, Virginia","2020","prevent_hosp_rate",5786,"rate per 100K"
"51069","county","Frederick County, Virginia","2021","prevent_hosp_rate",5313,"rate per 100K"
"51071","county","Giles County, Virginia","2015","prevent_hosp_rate",8006,"rate per 100K"
"51071","county","Giles County, Virginia","2016","prevent_hosp_rate",5441,"rate per 100K"
"51071","county","Giles County, Virginia","2017","prevent_hosp_rate",4582,"rate per 100K"
"51071","county","Giles County, Virginia","2018","prevent_hosp_rate",4550,"rate per 100K"
"51071","county","Giles County, Virginia","2019","prevent_hosp_rate",3662,"rate per 100K"
"51071","county","Giles County, Virginia","2020","prevent_hosp_rate",3373,"rate per 100K"
"51071","county","Giles County, Virginia","2021","prevent_hosp_rate",4840,"rate per 100K"
"51073","county","Gloucester County, Virginia","2015","prevent_hosp_rate",5907,"rate per 100K"
"51073","county","Gloucester County, Virginia","2016","prevent_hosp_rate",4717,"rate per 100K"
"51073","county","Gloucester County, Virginia","2017","prevent_hosp_rate",4518,"rate per 100K"
"51073","county","Gloucester County, Virginia","2018","prevent_hosp_rate",3741,"rate per 100K"
"51073","county","Gloucester County, Virginia","2019","prevent_hosp_rate",3971,"rate per 100K"
"51073","county","Gloucester County, Virginia","2020","prevent_hosp_rate",3752,"rate per 100K"
"51073","county","Gloucester County, Virginia","2021","prevent_hosp_rate",3481,"rate per 100K"
"51075","county","Goochland County, Virginia","2015","prevent_hosp_rate",4036,"rate per 100K"
"51075","county","Goochland County, Virginia","2016","prevent_hosp_rate",4009,"rate per 100K"
"51075","county","Goochland County, Virginia","2017","prevent_hosp_rate",3465,"rate per 100K"
"51075","county","Goochland County, Virginia","2018","prevent_hosp_rate",3451,"rate per 100K"
"51075","county","Goochland County, Virginia","2019","prevent_hosp_rate",3177,"rate per 100K"
"51075","county","Goochland County, Virginia","2020","prevent_hosp_rate",3465,"rate per 100K"
"51075","county","Goochland County, Virginia","2021","prevent_hosp_rate",2630,"rate per 100K"
"51077","county","Grayson County, Virginia","2015","prevent_hosp_rate",7514,"rate per 100K"
"51077","county","Grayson County, Virginia","2016","prevent_hosp_rate",6389,"rate per 100K"
"51077","county","Grayson County, Virginia","2017","prevent_hosp_rate",5134,"rate per 100K"
"51077","county","Grayson County, Virginia","2018","prevent_hosp_rate",4187,"rate per 100K"
"51077","county","Grayson County, Virginia","2019","prevent_hosp_rate",4541,"rate per 100K"
"51077","county","Grayson County, Virginia","2020","prevent_hosp_rate",3887,"rate per 100K"
"51077","county","Grayson County, Virginia","2021","prevent_hosp_rate",3969,"rate per 100K"
"51079","county","Greene County, Virginia","2015","prevent_hosp_rate",5835,"rate per 100K"
"51079","county","Greene County, Virginia","2016","prevent_hosp_rate",3768,"rate per 100K"
"51079","county","Greene County, Virginia","2017","prevent_hosp_rate",4336,"rate per 100K"
"51079","county","Greene County, Virginia","2018","prevent_hosp_rate",4452,"rate per 100K"
"51079","county","Greene County, Virginia","2019","prevent_hosp_rate",3249,"rate per 100K"
"51079","county","Greene County, Virginia","2020","prevent_hosp_rate",5643,"rate per 100K"
"51079","county","Greene County, Virginia","2021","prevent_hosp_rate",5212,"rate per 100K"
"51081","county","Greensville County, Virginia","2015","prevent_hosp_rate",NA,"rate per 100K"
"51081","county","Greensville County, Virginia","2016","prevent_hosp_rate",11277,"rate per 100K"
"51081","county","Greensville County, Virginia","2017","prevent_hosp_rate",6584,"rate per 100K"
"51081","county","Greensville County, Virginia","2018","prevent_hosp_rate",NA,"rate per 100K"
"51081","county","Greensville County, Virginia","2019","prevent_hosp_rate",5040,"rate per 100K"
"51081","county","Greensville County, Virginia","2020","prevent_hosp_rate",6631,"rate per 100K"
"51081","county","Greensville County, Virginia","2021","prevent_hosp_rate",5301,"rate per 100K"
"51083","county","Halifax County, Virginia","2015","prevent_hosp_rate",4734,"rate per 100K"
"51083","county","Halifax County, Virginia","2016","prevent_hosp_rate",3803,"rate per 100K"
"51083","county","Halifax County, Virginia","2017","prevent_hosp_rate",4304,"rate per 100K"
"51083","county","Halifax County, Virginia","2018","prevent_hosp_rate",3701,"rate per 100K"
"51083","county","Halifax County, Virginia","2019","prevent_hosp_rate",4684,"rate per 100K"
"51083","county","Halifax County, Virginia","2020","prevent_hosp_rate",4413,"rate per 100K"
"51083","county","Halifax County, Virginia","2021","prevent_hosp_rate",4612,"rate per 100K"
"51085","county","Hanover County, Virginia","2015","prevent_hosp_rate",4084,"rate per 100K"
"51085","county","Hanover County, Virginia","2016","prevent_hosp_rate",3562,"rate per 100K"
"51085","county","Hanover County, Virginia","2017","prevent_hosp_rate",3404,"rate per 100K"
"51085","county","Hanover County, Virginia","2018","prevent_hosp_rate",3271,"rate per 100K"
"51085","county","Hanover County, Virginia","2019","prevent_hosp_rate",3704,"rate per 100K"
"51085","county","Hanover County, Virginia","2020","prevent_hosp_rate",4325,"rate per 100K"
"51085","county","Hanover County, Virginia","2021","prevent_hosp_rate",3698,"rate per 100K"
"51087","county","Henrico County, Virginia","2015","prevent_hosp_rate",4330,"rate per 100K"
"51087","county","Henrico County, Virginia","2016","prevent_hosp_rate",3988,"rate per 100K"
"51087","county","Henrico County, Virginia","2017","prevent_hosp_rate",3917,"rate per 100K"
"51087","county","Henrico County, Virginia","2018","prevent_hosp_rate",3869,"rate per 100K"
"51087","county","Henrico County, Virginia","2019","prevent_hosp_rate",3656,"rate per 100K"
"51087","county","Henrico County, Virginia","2020","prevent_hosp_rate",3632,"rate per 100K"
"51087","county","Henrico County, Virginia","2021","prevent_hosp_rate",3241,"rate per 100K"
"51089","county","Henry County, Virginia","2015","prevent_hosp_rate",6664,"rate per 100K"
"51089","county","Henry County, Virginia","2016","prevent_hosp_rate",7178,"rate per 100K"
"51089","county","Henry County, Virginia","2017","prevent_hosp_rate",6263,"rate per 100K"
"51089","county","Henry County, Virginia","2018","prevent_hosp_rate",5456,"rate per 100K"
"51089","county","Henry County, Virginia","2019","prevent_hosp_rate",5107,"rate per 100K"
"51089","county","Henry County, Virginia","2020","prevent_hosp_rate",5683,"rate per 100K"
"51089","county","Henry County, Virginia","2021","prevent_hosp_rate",5934,"rate per 100K"
"51091","county","Highland County, Virginia","2015","prevent_hosp_rate",8048,"rate per 100K"
"51091","county","Highland County, Virginia","2016","prevent_hosp_rate",5344,"rate per 100K"
"51091","county","Highland County, Virginia","2017","prevent_hosp_rate",3965,"rate per 100K"
"51091","county","Highland County, Virginia","2018","prevent_hosp_rate",4861,"rate per 100K"
"51091","county","Highland County, Virginia","2019","prevent_hosp_rate",2110,"rate per 100K"
"51091","county","Highland County, Virginia","2020","prevent_hosp_rate",3563,"rate per 100K"
"51091","county","Highland County, Virginia","2021","prevent_hosp_rate",5747,"rate per 100K"
"51093","county","Isle Of Wight County, Virginia","2015","prevent_hosp_rate",4273,"rate per 100K"
"51093","county","Isle Of Wight County, Virginia","2016","prevent_hosp_rate",4116,"rate per 100K"
"51093","county","Isle Of Wight County, Virginia","2017","prevent_hosp_rate",3866,"rate per 100K"
"51093","county","Isle Of Wight County, Virginia","2018","prevent_hosp_rate",3974,"rate per 100K"
"51093","county","Isle Of Wight County, Virginia","2019","prevent_hosp_rate",4655,"rate per 100K"
"51093","county","Isle Of Wight County, Virginia","2020","prevent_hosp_rate",4304,"rate per 100K"
"51093","county","Isle Of Wight County, Virginia","2021","prevent_hosp_rate",4184,"rate per 100K"
"51095","county","James City County, Virginia","2015","prevent_hosp_rate",4112,"rate per 100K"
"51095","county","James City County, Virginia","2016","prevent_hosp_rate",3826,"rate per 100K"
"51095","county","James City County, Virginia","2017","prevent_hosp_rate",3395,"rate per 100K"
"51095","county","James City County, Virginia","2018","prevent_hosp_rate",3350,"rate per 100K"
"51095","county","James City County, Virginia","2019","prevent_hosp_rate",4725,"rate per 100K"
"51095","county","James City County, Virginia","2020","prevent_hosp_rate",4885,"rate per 100K"
"51095","county","James City County, Virginia","2021","prevent_hosp_rate",4429,"rate per 100K"
"51097","county","King And Queen County, Virginia","2015","prevent_hosp_rate",5619,"rate per 100K"
"51097","county","King And Queen County, Virginia","2016","prevent_hosp_rate",4537,"rate per 100K"
"51097","county","King And Queen County, Virginia","2017","prevent_hosp_rate",3764,"rate per 100K"
"51097","county","King And Queen County, Virginia","2018","prevent_hosp_rate",4003,"rate per 100K"
"51097","county","King And Queen County, Virginia","2019","prevent_hosp_rate",5349,"rate per 100K"
"51097","county","King And Queen County, Virginia","2020","prevent_hosp_rate",4265,"rate per 100K"
"51097","county","King And Queen County, Virginia","2021","prevent_hosp_rate",4524,"rate per 100K"
"51099","county","King George County, Virginia","2015","prevent_hosp_rate",6899,"rate per 100K"
"51099","county","King George County, Virginia","2016","prevent_hosp_rate",6426,"rate per 100K"
"51099","county","King George County, Virginia","2017","prevent_hosp_rate",5738,"rate per 100K"
"51099","county","King George County, Virginia","2018","prevent_hosp_rate",5160,"rate per 100K"
"51099","county","King George County, Virginia","2019","prevent_hosp_rate",5595,"rate per 100K"
"51099","county","King George County, Virginia","2020","prevent_hosp_rate",6073,"rate per 100K"
"51099","county","King George County, Virginia","2021","prevent_hosp_rate",6327,"rate per 100K"
"51101","county","King William County, Virginia","2015","prevent_hosp_rate",4781,"rate per 100K"
"51101","county","King William County, Virginia","2016","prevent_hosp_rate",4689,"rate per 100K"
"51101","county","King William County, Virginia","2017","prevent_hosp_rate",3629,"rate per 100K"
"51101","county","King William County, Virginia","2018","prevent_hosp_rate",3946,"rate per 100K"
"51101","county","King William County, Virginia","2019","prevent_hosp_rate",3529,"rate per 100K"
"51101","county","King William County, Virginia","2020","prevent_hosp_rate",4516,"rate per 100K"
"51101","county","King William County, Virginia","2021","prevent_hosp_rate",4017,"rate per 100K"
"51103","county","Lancaster County, Virginia","2015","prevent_hosp_rate",4054,"rate per 100K"
"51103","county","Lancaster County, Virginia","2016","prevent_hosp_rate",2332,"rate per 100K"
"51103","county","Lancaster County, Virginia","2017","prevent_hosp_rate",3189,"rate per 100K"
"51103","county","Lancaster County, Virginia","2018","prevent_hosp_rate",3306,"rate per 100K"
"51103","county","Lancaster County, Virginia","2019","prevent_hosp_rate",3820,"rate per 100K"
"51103","county","Lancaster County, Virginia","2020","prevent_hosp_rate",2905,"rate per 100K"
"51103","county","Lancaster County, Virginia","2021","prevent_hosp_rate",2468,"rate per 100K"
"51105","county","Lee County, Virginia","2015","prevent_hosp_rate",13545,"rate per 100K"
"51105","county","Lee County, Virginia","2016","prevent_hosp_rate",9547,"rate per 100K"
"51105","county","Lee County, Virginia","2017","prevent_hosp_rate",8030,"rate per 100K"
"51105","county","Lee County, Virginia","2018","prevent_hosp_rate",8237,"rate per 100K"
"51105","county","Lee County, Virginia","2019","prevent_hosp_rate",5965,"rate per 100K"
"51105","county","Lee County, Virginia","2020","prevent_hosp_rate",5603,"rate per 100K"
"51105","county","Lee County, Virginia","2021","prevent_hosp_rate",5443,"rate per 100K"
"51107","county","Loudoun County, Virginia","2015","prevent_hosp_rate",5204,"rate per 100K"
"51107","county","Loudoun County, Virginia","2016","prevent_hosp_rate",4673,"rate per 100K"
"51107","county","Loudoun County, Virginia","2017","prevent_hosp_rate",4096,"rate per 100K"
"51107","county","Loudoun County, Virginia","2018","prevent_hosp_rate",4210,"rate per 100K"
"51107","county","Loudoun County, Virginia","2019","prevent_hosp_rate",4625,"rate per 100K"
"51107","county","Loudoun County, Virginia","2020","prevent_hosp_rate",4328,"rate per 100K"
"51107","county","Loudoun County, Virginia","2021","prevent_hosp_rate",3545,"rate per 100K"
"51109","county","Louisa County, Virginia","2015","prevent_hosp_rate",5533,"rate per 100K"
"51109","county","Louisa County, Virginia","2016","prevent_hosp_rate",5022,"rate per 100K"
"51109","county","Louisa County, Virginia","2017","prevent_hosp_rate",4206,"rate per 100K"
"51109","county","Louisa County, Virginia","2018","prevent_hosp_rate",4563,"rate per 100K"
"51109","county","Louisa County, Virginia","2019","prevent_hosp_rate",4108,"rate per 100K"
"51109","county","Louisa County, Virginia","2020","prevent_hosp_rate",4798,"rate per 100K"
"51109","county","Louisa County, Virginia","2021","prevent_hosp_rate",4229,"rate per 100K"
"51111","county","Lunenburg County, Virginia","2015","prevent_hosp_rate",6770,"rate per 100K"
"51111","county","Lunenburg County, Virginia","2016","prevent_hosp_rate",6734,"rate per 100K"
"51111","county","Lunenburg County, Virginia","2017","prevent_hosp_rate",5924,"rate per 100K"
"51111","county","Lunenburg County, Virginia","2018","prevent_hosp_rate",3739,"rate per 100K"
"51111","county","Lunenburg County, Virginia","2019","prevent_hosp_rate",3783,"rate per 100K"
"51111","county","Lunenburg County, Virginia","2020","prevent_hosp_rate",5184,"rate per 100K"
"51111","county","Lunenburg County, Virginia","2021","prevent_hosp_rate",4797,"rate per 100K"
"51113","county","Madison County, Virginia","2015","prevent_hosp_rate",4872,"rate per 100K"
"51113","county","Madison County, Virginia","2016","prevent_hosp_rate",4730,"rate per 100K"
"51113","county","Madison County, Virginia","2017","prevent_hosp_rate",3476,"rate per 100K"
"51113","county","Madison County, Virginia","2018","prevent_hosp_rate",3924,"rate per 100K"
"51113","county","Madison County, Virginia","2019","prevent_hosp_rate",3775,"rate per 100K"
"51113","county","Madison County, Virginia","2020","prevent_hosp_rate",4771,"rate per 100K"
"51113","county","Madison County, Virginia","2021","prevent_hosp_rate",4509,"rate per 100K"
"51115","county","Mathews County, Virginia","2015","prevent_hosp_rate",4007,"rate per 100K"
"51115","county","Mathews County, Virginia","2016","prevent_hosp_rate",3513,"rate per 100K"
"51115","county","Mathews County, Virginia","2017","prevent_hosp_rate",2942,"rate per 100K"
"51115","county","Mathews County, Virginia","2018","prevent_hosp_rate",3370,"rate per 100K"
"51115","county","Mathews County, Virginia","2019","prevent_hosp_rate",3140,"rate per 100K"
"51115","county","Mathews County, Virginia","2020","prevent_hosp_rate",2707,"rate per 100K"
"51115","county","Mathews County, Virginia","2021","prevent_hosp_rate",3053,"rate per 100K"
"51117","county","Mecklenburg County, Virginia","2015","prevent_hosp_rate",6177,"rate per 100K"
"51117","county","Mecklenburg County, Virginia","2016","prevent_hosp_rate",6032,"rate per 100K"
"51117","county","Mecklenburg County, Virginia","2017","prevent_hosp_rate",5483,"rate per 100K"
"51117","county","Mecklenburg County, Virginia","2018","prevent_hosp_rate",4236,"rate per 100K"
"51117","county","Mecklenburg County, Virginia","2019","prevent_hosp_rate",4829,"rate per 100K"
"51117","county","Mecklenburg County, Virginia","2020","prevent_hosp_rate",5150,"rate per 100K"
"51117","county","Mecklenburg County, Virginia","2021","prevent_hosp_rate",4513,"rate per 100K"
"51119","county","Middlesex County, Virginia","2015","prevent_hosp_rate",4611,"rate per 100K"
"51119","county","Middlesex County, Virginia","2016","prevent_hosp_rate",4704,"rate per 100K"
"51119","county","Middlesex County, Virginia","2017","prevent_hosp_rate",3644,"rate per 100K"
"51119","county","Middlesex County, Virginia","2018","prevent_hosp_rate",3687,"rate per 100K"
"51119","county","Middlesex County, Virginia","2019","prevent_hosp_rate",4222,"rate per 100K"
"51119","county","Middlesex County, Virginia","2020","prevent_hosp_rate",4067,"rate per 100K"
"51119","county","Middlesex County, Virginia","2021","prevent_hosp_rate",3194,"rate per 100K"
"51121","county","Montgomery County, Virginia","2015","prevent_hosp_rate",5331,"rate per 100K"
"51121","county","Montgomery County, Virginia","2016","prevent_hosp_rate",4765,"rate per 100K"
"51121","county","Montgomery County, Virginia","2017","prevent_hosp_rate",3754,"rate per 100K"
"51121","county","Montgomery County, Virginia","2018","prevent_hosp_rate",3493,"rate per 100K"
"51121","county","Montgomery County, Virginia","2019","prevent_hosp_rate",3309,"rate per 100K"
"51121","county","Montgomery County, Virginia","2020","prevent_hosp_rate",3553,"rate per 100K"
"51121","county","Montgomery County, Virginia","2021","prevent_hosp_rate",3630,"rate per 100K"
"51125","county","Nelson County, Virginia","2015","prevent_hosp_rate",5043,"rate per 100K"
"51125","county","Nelson County, Virginia","2016","prevent_hosp_rate",4653,"rate per 100K"
"51125","county","Nelson County, Virginia","2017","prevent_hosp_rate",4052,"rate per 100K"
"51125","county","Nelson County, Virginia","2018","prevent_hosp_rate",3789,"rate per 100K"
"51125","county","Nelson County, Virginia","2019","prevent_hosp_rate",4291,"rate per 100K"
"51125","county","Nelson County, Virginia","2020","prevent_hosp_rate",3879,"rate per 100K"
"51125","county","Nelson County, Virginia","2021","prevent_hosp_rate",4120,"rate per 100K"
"51127","county","New Kent County, Virginia","2015","prevent_hosp_rate",4157,"rate per 100K"
"51127","county","New Kent County, Virginia","2016","prevent_hosp_rate",4366,"rate per 100K"
"51127","county","New Kent County, Virginia","2017","prevent_hosp_rate",4003,"rate per 100K"
"51127","county","New Kent County, Virginia","2018","prevent_hosp_rate",3476,"rate per 100K"
"51127","county","New Kent County, Virginia","2019","prevent_hosp_rate",3233,"rate per 100K"
"51127","county","New Kent County, Virginia","2020","prevent_hosp_rate",3929,"rate per 100K"
"51127","county","New Kent County, Virginia","2021","prevent_hosp_rate",3692,"rate per 100K"
"51131","county","Northampton County, Virginia","2015","prevent_hosp_rate",5488,"rate per 100K"
"51131","county","Northampton County, Virginia","2016","prevent_hosp_rate",4350,"rate per 100K"
"51131","county","Northampton County, Virginia","2017","prevent_hosp_rate",3884,"rate per 100K"
"51131","county","Northampton County, Virginia","2018","prevent_hosp_rate",4244,"rate per 100K"
"51131","county","Northampton County, Virginia","2019","prevent_hosp_rate",5995,"rate per 100K"
"51131","county","Northampton County, Virginia","2020","prevent_hosp_rate",4093,"rate per 100K"
"51131","county","Northampton County, Virginia","2021","prevent_hosp_rate",3455,"rate per 100K"
"51133","county","Northumberland County, Virginia","2015","prevent_hosp_rate",3508,"rate per 100K"
"51133","county","Northumberland County, Virginia","2016","prevent_hosp_rate",3440,"rate per 100K"
"51133","county","Northumberland County, Virginia","2017","prevent_hosp_rate",2833,"rate per 100K"
"51133","county","Northumberland County, Virginia","2018","prevent_hosp_rate",3113,"rate per 100K"
"51133","county","Northumberland County, Virginia","2019","prevent_hosp_rate",3893,"rate per 100K"
"51133","county","Northumberland County, Virginia","2020","prevent_hosp_rate",2762,"rate per 100K"
"51133","county","Northumberland County, Virginia","2021","prevent_hosp_rate",3259,"rate per 100K"
"51135","county","Nottoway County, Virginia","2015","prevent_hosp_rate",6921,"rate per 100K"
"51135","county","Nottoway County, Virginia","2016","prevent_hosp_rate",7035,"rate per 100K"
"51135","county","Nottoway County, Virginia","2017","prevent_hosp_rate",4524,"rate per 100K"
"51135","county","Nottoway County, Virginia","2018","prevent_hosp_rate",3687,"rate per 100K"
"51135","county","Nottoway County, Virginia","2019","prevent_hosp_rate",5163,"rate per 100K"
"51135","county","Nottoway County, Virginia","2020","prevent_hosp_rate",5519,"rate per 100K"
"51135","county","Nottoway County, Virginia","2021","prevent_hosp_rate",5522,"rate per 100K"
"51137","county","Orange County, Virginia","2015","prevent_hosp_rate",4628,"rate per 100K"
"51137","county","Orange County, Virginia","2016","prevent_hosp_rate",4497,"rate per 100K"
"51137","county","Orange County, Virginia","2017","prevent_hosp_rate",3750,"rate per 100K"
"51137","county","Orange County, Virginia","2018","prevent_hosp_rate",3459,"rate per 100K"
"51137","county","Orange County, Virginia","2019","prevent_hosp_rate",3993,"rate per 100K"
"51137","county","Orange County, Virginia","2020","prevent_hosp_rate",4303,"rate per 100K"
"51137","county","Orange County, Virginia","2021","prevent_hosp_rate",4760,"rate per 100K"
"51139","county","Page County, Virginia","2015","prevent_hosp_rate",9310,"rate per 100K"
"51139","county","Page County, Virginia","2016","prevent_hosp_rate",8168,"rate per 100K"
"51139","county","Page County, Virginia","2017","prevent_hosp_rate",6941,"rate per 100K"
"51139","county","Page County, Virginia","2018","prevent_hosp_rate",7856,"rate per 100K"
"51139","county","Page County, Virginia","2019","prevent_hosp_rate",5439,"rate per 100K"
"51139","county","Page County, Virginia","2020","prevent_hosp_rate",5237,"rate per 100K"
"51139","county","Page County, Virginia","2021","prevent_hosp_rate",4834,"rate per 100K"
"51141","county","Patrick County, Virginia","2015","prevent_hosp_rate",6387,"rate per 100K"
"51141","county","Patrick County, Virginia","2016","prevent_hosp_rate",5714,"rate per 100K"
"51141","county","Patrick County, Virginia","2017","prevent_hosp_rate",4894,"rate per 100K"
"51141","county","Patrick County, Virginia","2018","prevent_hosp_rate",4691,"rate per 100K"
"51141","county","Patrick County, Virginia","2019","prevent_hosp_rate",4393,"rate per 100K"
"51141","county","Patrick County, Virginia","2020","prevent_hosp_rate",4466,"rate per 100K"
"51141","county","Patrick County, Virginia","2021","prevent_hosp_rate",4064,"rate per 100K"
"51143","county","Pittsylvania County, Virginia","2015","prevent_hosp_rate",6021,"rate per 100K"
"51143","county","Pittsylvania County, Virginia","2016","prevent_hosp_rate",4949,"rate per 100K"
"51143","county","Pittsylvania County, Virginia","2017","prevent_hosp_rate",4941,"rate per 100K"
"51143","county","Pittsylvania County, Virginia","2018","prevent_hosp_rate",4276,"rate per 100K"
"51143","county","Pittsylvania County, Virginia","2019","prevent_hosp_rate",4058,"rate per 100K"
"51143","county","Pittsylvania County, Virginia","2020","prevent_hosp_rate",3750,"rate per 100K"
"51143","county","Pittsylvania County, Virginia","2021","prevent_hosp_rate",4002,"rate per 100K"
"51145","county","Powhatan County, Virginia","2015","prevent_hosp_rate",4303,"rate per 100K"
"51145","county","Powhatan County, Virginia","2016","prevent_hosp_rate",3285,"rate per 100K"
"51145","county","Powhatan County, Virginia","2017","prevent_hosp_rate",3704,"rate per 100K"
"51145","county","Powhatan County, Virginia","2018","prevent_hosp_rate",3736,"rate per 100K"
"51145","county","Powhatan County, Virginia","2019","prevent_hosp_rate",4070,"rate per 100K"
"51145","county","Powhatan County, Virginia","2020","prevent_hosp_rate",3720,"rate per 100K"
"51145","county","Powhatan County, Virginia","2021","prevent_hosp_rate",3913,"rate per 100K"
"51147","county","Prince Edward County, Virginia","2015","prevent_hosp_rate",7371,"rate per 100K"
"51147","county","Prince Edward County, Virginia","2016","prevent_hosp_rate",6404,"rate per 100K"
"51147","county","Prince Edward County, Virginia","2017","prevent_hosp_rate",4661,"rate per 100K"
"51147","county","Prince Edward County, Virginia","2018","prevent_hosp_rate",4291,"rate per 100K"
"51147","county","Prince Edward County, Virginia","2019","prevent_hosp_rate",5415,"rate per 100K"
"51147","county","Prince Edward County, Virginia","2020","prevent_hosp_rate",5284,"rate per 100K"
"51147","county","Prince Edward County, Virginia","2021","prevent_hosp_rate",4985,"rate per 100K"
"51149","county","Prince George County, Virginia","2015","prevent_hosp_rate",8084,"rate per 100K"
"51149","county","Prince George County, Virginia","2016","prevent_hosp_rate",6553,"rate per 100K"
"51149","county","Prince George County, Virginia","2017","prevent_hosp_rate",5179,"rate per 100K"
"51149","county","Prince George County, Virginia","2018","prevent_hosp_rate",5508,"rate per 100K"
"51149","county","Prince George County, Virginia","2019","prevent_hosp_rate",5585,"rate per 100K"
"51149","county","Prince George County, Virginia","2020","prevent_hosp_rate",6073,"rate per 100K"
"51149","county","Prince George County, Virginia","2021","prevent_hosp_rate",3948,"rate per 100K"
"51153","county","Prince William County, Virginia","2015","prevent_hosp_rate",4898,"rate per 100K"
"51153","county","Prince William County, Virginia","2016","prevent_hosp_rate",4307,"rate per 100K"
"51153","county","Prince William County, Virginia","2017","prevent_hosp_rate",4083,"rate per 100K"
"51153","county","Prince William County, Virginia","2018","prevent_hosp_rate",3851,"rate per 100K"
"51153","county","Prince William County, Virginia","2019","prevent_hosp_rate",4544,"rate per 100K"
"51153","county","Prince William County, Virginia","2020","prevent_hosp_rate",5131,"rate per 100K"
"51153","county","Prince William County, Virginia","2021","prevent_hosp_rate",4709,"rate per 100K"
"51155","county","Pulaski County, Virginia","2015","prevent_hosp_rate",11316,"rate per 100K"
"51155","county","Pulaski County, Virginia","2016","prevent_hosp_rate",8807,"rate per 100K"
"51155","county","Pulaski County, Virginia","2017","prevent_hosp_rate",7490,"rate per 100K"
"51155","county","Pulaski County, Virginia","2018","prevent_hosp_rate",5978,"rate per 100K"
"51155","county","Pulaski County, Virginia","2019","prevent_hosp_rate",6220,"rate per 100K"
"51155","county","Pulaski County, Virginia","2020","prevent_hosp_rate",4993,"rate per 100K"
"51155","county","Pulaski County, Virginia","2021","prevent_hosp_rate",5427,"rate per 100K"
"51157","county","Rappahannock County, Virginia","2015","prevent_hosp_rate",5819,"rate per 100K"
"51157","county","Rappahannock County, Virginia","2016","prevent_hosp_rate",5528,"rate per 100K"
"51157","county","Rappahannock County, Virginia","2017","prevent_hosp_rate",4062,"rate per 100K"
"51157","county","Rappahannock County, Virginia","2018","prevent_hosp_rate",5053,"rate per 100K"
"51157","county","Rappahannock County, Virginia","2019","prevent_hosp_rate",3207,"rate per 100K"
"51157","county","Rappahannock County, Virginia","2020","prevent_hosp_rate",4669,"rate per 100K"
"51157","county","Rappahannock County, Virginia","2021","prevent_hosp_rate",2797,"rate per 100K"
"51159","county","Richmond County, Virginia","2015","prevent_hosp_rate",4752,"rate per 100K"
"51159","county","Richmond County, Virginia","2016","prevent_hosp_rate",3727,"rate per 100K"
"51159","county","Richmond County, Virginia","2017","prevent_hosp_rate",4525,"rate per 100K"
"51159","county","Richmond County, Virginia","2018","prevent_hosp_rate",3067,"rate per 100K"
"51159","county","Richmond County, Virginia","2019","prevent_hosp_rate",3905,"rate per 100K"
"51159","county","Richmond County, Virginia","2020","prevent_hosp_rate",4930,"rate per 100K"
"51159","county","Richmond County, Virginia","2021","prevent_hosp_rate",4104,"rate per 100K"
"51161","county","Roanoke County, Virginia","2015","prevent_hosp_rate",4597,"rate per 100K"
"51161","county","Roanoke County, Virginia","2016","prevent_hosp_rate",3942,"rate per 100K"
"51161","county","Roanoke County, Virginia","2017","prevent_hosp_rate",4004,"rate per 100K"
"51161","county","Roanoke County, Virginia","2018","prevent_hosp_rate",3395,"rate per 100K"
"51161","county","Roanoke County, Virginia","2019","prevent_hosp_rate",3759,"rate per 100K"
"51161","county","Roanoke County, Virginia","2020","prevent_hosp_rate",3544,"rate per 100K"
"51161","county","Roanoke County, Virginia","2021","prevent_hosp_rate",3639,"rate per 100K"
"51163","county","Rockbridge County, Virginia","2015","prevent_hosp_rate",6050,"rate per 100K"
"51163","county","Rockbridge County, Virginia","2016","prevent_hosp_rate",4419,"rate per 100K"
"51163","county","Rockbridge County, Virginia","2017","prevent_hosp_rate",4370,"rate per 100K"
"51163","county","Rockbridge County, Virginia","2018","prevent_hosp_rate",3773,"rate per 100K"
"51163","county","Rockbridge County, Virginia","2019","prevent_hosp_rate",3383,"rate per 100K"
"51163","county","Rockbridge County, Virginia","2020","prevent_hosp_rate",3572,"rate per 100K"
"51163","county","Rockbridge County, Virginia","2021","prevent_hosp_rate",4296,"rate per 100K"
"51165","county","Rockingham County, Virginia","2015","prevent_hosp_rate",6751,"rate per 100K"
"51165","county","Rockingham County, Virginia","2016","prevent_hosp_rate",5215,"rate per 100K"
"51165","county","Rockingham County, Virginia","2017","prevent_hosp_rate",4360,"rate per 100K"
"51165","county","Rockingham County, Virginia","2018","prevent_hosp_rate",5071,"rate per 100K"
"51165","county","Rockingham County, Virginia","2019","prevent_hosp_rate",4948,"rate per 100K"
"51165","county","Rockingham County, Virginia","2020","prevent_hosp_rate",5730,"rate per 100K"
"51165","county","Rockingham County, Virginia","2021","prevent_hosp_rate",6009,"rate per 100K"
"51167","county","Russell County, Virginia","2015","prevent_hosp_rate",15970,"rate per 100K"
"51167","county","Russell County, Virginia","2016","prevent_hosp_rate",13016,"rate per 100K"
"51167","county","Russell County, Virginia","2017","prevent_hosp_rate",12772,"rate per 100K"
"51167","county","Russell County, Virginia","2018","prevent_hosp_rate",10982,"rate per 100K"
"51167","county","Russell County, Virginia","2019","prevent_hosp_rate",8234,"rate per 100K"
"51167","county","Russell County, Virginia","2020","prevent_hosp_rate",8220,"rate per 100K"
"51167","county","Russell County, Virginia","2021","prevent_hosp_rate",7080,"rate per 100K"
"51169","county","Scott County, Virginia","2015","prevent_hosp_rate",10551,"rate per 100K"
"51169","county","Scott County, Virginia","2016","prevent_hosp_rate",9361,"rate per 100K"
"51169","county","Scott County, Virginia","2017","prevent_hosp_rate",8128,"rate per 100K"
"51169","county","Scott County, Virginia","2018","prevent_hosp_rate",5892,"rate per 100K"
"51169","county","Scott County, Virginia","2019","prevent_hosp_rate",5105,"rate per 100K"
"51169","county","Scott County, Virginia","2020","prevent_hosp_rate",4998,"rate per 100K"
"51169","county","Scott County, Virginia","2021","prevent_hosp_rate",4733,"rate per 100K"
"51171","county","Shenandoah County, Virginia","2015","prevent_hosp_rate",7882,"rate per 100K"
"51171","county","Shenandoah County, Virginia","2016","prevent_hosp_rate",7517,"rate per 100K"
"51171","county","Shenandoah County, Virginia","2017","prevent_hosp_rate",6601,"rate per 100K"
"51171","county","Shenandoah County, Virginia","2018","prevent_hosp_rate",7140,"rate per 100K"
"51171","county","Shenandoah County, Virginia","2019","prevent_hosp_rate",5166,"rate per 100K"
"51171","county","Shenandoah County, Virginia","2020","prevent_hosp_rate",5688,"rate per 100K"
"51171","county","Shenandoah County, Virginia","2021","prevent_hosp_rate",5088,"rate per 100K"
"51173","county","Smyth County, Virginia","2015","prevent_hosp_rate",7682,"rate per 100K"
"51173","county","Smyth County, Virginia","2016","prevent_hosp_rate",6966,"rate per 100K"
"51173","county","Smyth County, Virginia","2017","prevent_hosp_rate",7086,"rate per 100K"
"51173","county","Smyth County, Virginia","2018","prevent_hosp_rate",7961,"rate per 100K"
"51173","county","Smyth County, Virginia","2019","prevent_hosp_rate",5333,"rate per 100K"
"51173","county","Smyth County, Virginia","2020","prevent_hosp_rate",5522,"rate per 100K"
"51173","county","Smyth County, Virginia","2021","prevent_hosp_rate",4663,"rate per 100K"
"51175","county","Southampton County, Virginia","2015","prevent_hosp_rate",7542,"rate per 100K"
"51175","county","Southampton County, Virginia","2016","prevent_hosp_rate",5687,"rate per 100K"
"51175","county","Southampton County, Virginia","2017","prevent_hosp_rate",4719,"rate per 100K"
"51175","county","Southampton County, Virginia","2018","prevent_hosp_rate",6090,"rate per 100K"
"51175","county","Southampton County, Virginia","2019","prevent_hosp_rate",5795,"rate per 100K"
"51175","county","Southampton County, Virginia","2020","prevent_hosp_rate",5552,"rate per 100K"
"51175","county","Southampton County, Virginia","2021","prevent_hosp_rate",6633,"rate per 100K"
"51177","county","Spotsylvania County, Virginia","2015","prevent_hosp_rate",7161,"rate per 100K"
"51177","county","Spotsylvania County, Virginia","2016","prevent_hosp_rate",6758,"rate per 100K"
"51177","county","Spotsylvania County, Virginia","2017","prevent_hosp_rate",6253,"rate per 100K"
"51177","county","Spotsylvania County, Virginia","2018","prevent_hosp_rate",5872,"rate per 100K"
"51177","county","Spotsylvania County, Virginia","2019","prevent_hosp_rate",6140,"rate per 100K"
"51177","county","Spotsylvania County, Virginia","2020","prevent_hosp_rate",6469,"rate per 100K"
"51177","county","Spotsylvania County, Virginia","2021","prevent_hosp_rate",6155,"rate per 100K"
"51179","county","Stafford County, Virginia","2015","prevent_hosp_rate",7073,"rate per 100K"
"51179","county","Stafford County, Virginia","2016","prevent_hosp_rate",7011,"rate per 100K"
"51179","county","Stafford County, Virginia","2017","prevent_hosp_rate",6092,"rate per 100K"
"51179","county","Stafford County, Virginia","2018","prevent_hosp_rate",5617,"rate per 100K"
"51179","county","Stafford County, Virginia","2019","prevent_hosp_rate",6010,"rate per 100K"
"51179","county","Stafford County, Virginia","2020","prevent_hosp_rate",5741,"rate per 100K"
"51179","county","Stafford County, Virginia","2021","prevent_hosp_rate",6231,"rate per 100K"
"51181","county","Surry County, Virginia","2015","prevent_hosp_rate",5822,"rate per 100K"
"51181","county","Surry County, Virginia","2016","prevent_hosp_rate",3624,"rate per 100K"
"51181","county","Surry County, Virginia","2017","prevent_hosp_rate",4600,"rate per 100K"
"51181","county","Surry County, Virginia","2018","prevent_hosp_rate",3873,"rate per 100K"
"51181","county","Surry County, Virginia","2019","prevent_hosp_rate",4374,"rate per 100K"
"51181","county","Surry County, Virginia","2020","prevent_hosp_rate",3508,"rate per 100K"
"51181","county","Surry County, Virginia","2021","prevent_hosp_rate",3580,"rate per 100K"
"51183","county","Sussex County, Virginia","2015","prevent_hosp_rate",8320,"rate per 100K"
"51183","county","Sussex County, Virginia","2016","prevent_hosp_rate",6603,"rate per 100K"
"51183","county","Sussex County, Virginia","2017","prevent_hosp_rate",5509,"rate per 100K"
"51183","county","Sussex County, Virginia","2018","prevent_hosp_rate",4696,"rate per 100K"
"51183","county","Sussex County, Virginia","2019","prevent_hosp_rate",5997,"rate per 100K"
"51183","county","Sussex County, Virginia","2020","prevent_hosp_rate",6863,"rate per 100K"
"51183","county","Sussex County, Virginia","2021","prevent_hosp_rate",5909,"rate per 100K"
"51185","county","Tazewell County, Virginia","2015","prevent_hosp_rate",13012,"rate per 100K"
"51185","county","Tazewell County, Virginia","2016","prevent_hosp_rate",10143,"rate per 100K"
"51185","county","Tazewell County, Virginia","2017","prevent_hosp_rate",8777,"rate per 100K"
"51185","county","Tazewell County, Virginia","2018","prevent_hosp_rate",8921,"rate per 100K"
"51185","county","Tazewell County, Virginia","2019","prevent_hosp_rate",6338,"rate per 100K"
"51185","county","Tazewell County, Virginia","2020","prevent_hosp_rate",6434,"rate per 100K"
"51185","county","Tazewell County, Virginia","2021","prevent_hosp_rate",5937,"rate per 100K"
"51187","county","Warren County, Virginia","2015","prevent_hosp_rate",9471,"rate per 100K"
"51187","county","Warren County, Virginia","2016","prevent_hosp_rate",8516,"rate per 100K"
"51187","county","Warren County, Virginia","2017","prevent_hosp_rate",7652,"rate per 100K"
"51187","county","Warren County, Virginia","2018","prevent_hosp_rate",7976,"rate per 100K"
"51187","county","Warren County, Virginia","2019","prevent_hosp_rate",5279,"rate per 100K"
"51187","county","Warren County, Virginia","2020","prevent_hosp_rate",5497,"rate per 100K"
"51187","county","Warren County, Virginia","2021","prevent_hosp_rate",4966,"rate per 100K"
"51191","county","Washington County, Virginia","2015","prevent_hosp_rate",9040,"rate per 100K"
"51191","county","Washington County, Virginia","2016","prevent_hosp_rate",8380,"rate per 100K"
"51191","county","Washington County, Virginia","2017","prevent_hosp_rate",7733,"rate per 100K"
"51191","county","Washington County, Virginia","2018","prevent_hosp_rate",7275,"rate per 100K"
"51191","county","Washington County, Virginia","2019","prevent_hosp_rate",6310,"rate per 100K"
"51191","county","Washington County, Virginia","2020","prevent_hosp_rate",6122,"rate per 100K"
"51191","county","Washington County, Virginia","2021","prevent_hosp_rate",4294,"rate per 100K"
"51193","county","Westmoreland County, Virginia","2015","prevent_hosp_rate",6510,"rate per 100K"
"51193","county","Westmoreland County, Virginia","2016","prevent_hosp_rate",4801,"rate per 100K"
"51193","county","Westmoreland County, Virginia","2017","prevent_hosp_rate",5305,"rate per 100K"
"51193","county","Westmoreland County, Virginia","2018","prevent_hosp_rate",5391,"rate per 100K"
"51193","county","Westmoreland County, Virginia","2019","prevent_hosp_rate",5089,"rate per 100K"
"51193","county","Westmoreland County, Virginia","2020","prevent_hosp_rate",5353,"rate per 100K"
"51193","county","Westmoreland County, Virginia","2021","prevent_hosp_rate",4888,"rate per 100K"
"51195","county","Wise County, Virginia","2015","prevent_hosp_rate",12614,"rate per 100K"
"51195","county","Wise County, Virginia","2016","prevent_hosp_rate",10470,"rate per 100K"
"51195","county","Wise County, Virginia","2017","prevent_hosp_rate",8244,"rate per 100K"
"51195","county","Wise County, Virginia","2018","prevent_hosp_rate",8181,"rate per 100K"
"51195","county","Wise County, Virginia","2019","prevent_hosp_rate",6438,"rate per 100K"
"51195","county","Wise County, Virginia","2020","prevent_hosp_rate",5022,"rate per 100K"
"51195","county","Wise County, Virginia","2021","prevent_hosp_rate",4990,"rate per 100K"
"51197","county","Wythe County, Virginia","2015","prevent_hosp_rate",7043,"rate per 100K"
"51197","county","Wythe County, Virginia","2016","prevent_hosp_rate",7118,"rate per 100K"
"51197","county","Wythe County, Virginia","2017","prevent_hosp_rate",5786,"rate per 100K"
"51197","county","Wythe County, Virginia","2018","prevent_hosp_rate",5431,"rate per 100K"
"51197","county","Wythe County, Virginia","2019","prevent_hosp_rate",5329,"rate per 100K"
"51197","county","Wythe County, Virginia","2020","prevent_hosp_rate",4710,"rate per 100K"
"51197","county","Wythe County, Virginia","2021","prevent_hosp_rate",4820,"rate per 100K"
"51199","county","York County, Virginia","2015","prevent_hosp_rate",4168,"rate per 100K"
"51199","county","York County, Virginia","2016","prevent_hosp_rate",3533,"rate per 100K"
"51199","county","York County, Virginia","2017","prevent_hosp_rate",3246,"rate per 100K"
"51199","county","York County, Virginia","2018","prevent_hosp_rate",3284,"rate per 100K"
"51199","county","York County, Virginia","2019","prevent_hosp_rate",3630,"rate per 100K"
"51199","county","York County, Virginia","2020","prevent_hosp_rate",3596,"rate per 100K"
"51199","county","York County, Virginia","2021","prevent_hosp_rate",3575,"rate per 100K"
"51510","county","Alexandria City, Virginia","2015","prevent_hosp_rate",4940,"rate per 100K"
"51510","county","Alexandria City, Virginia","2016","prevent_hosp_rate",4593,"rate per 100K"
"51510","county","Alexandria City, Virginia","2017","prevent_hosp_rate",4238,"rate per 100K"
"51510","county","Alexandria City, Virginia","2018","prevent_hosp_rate",4088,"rate per 100K"
"51510","county","Alexandria City, Virginia","2019","prevent_hosp_rate",5185,"rate per 100K"
"51510","county","Alexandria City, Virginia","2020","prevent_hosp_rate",4635,"rate per 100K"
"51510","county","Alexandria City, Virginia","2021","prevent_hosp_rate",4009,"rate per 100K"
"51515","county",NA,"2015","prevent_hosp_rate",6167,"rate per 100K"
"51515","county",NA,"2016","prevent_hosp_rate",5265,"rate per 100K"
"51520","county","Bristol City, Virginia","2015","prevent_hosp_rate",10985,"rate per 100K"
"51520","county","Bristol City, Virginia","2016","prevent_hosp_rate",9401,"rate per 100K"
"51520","county","Bristol City, Virginia","2017","prevent_hosp_rate",10345,"rate per 100K"
"51520","county","Bristol City, Virginia","2018","prevent_hosp_rate",7808,"rate per 100K"
"51520","county","Bristol City, Virginia","2019","prevent_hosp_rate",6569,"rate per 100K"
"51520","county","Bristol City, Virginia","2020","prevent_hosp_rate",6689,"rate per 100K"
"51520","county","Bristol City, Virginia","2021","prevent_hosp_rate",6827,"rate per 100K"
"51530","county","Buena Vista City, Virginia","2015","prevent_hosp_rate",5658,"rate per 100K"
"51530","county","Buena Vista City, Virginia","2016","prevent_hosp_rate",5893,"rate per 100K"
"51530","county","Buena Vista City, Virginia","2017","prevent_hosp_rate",5698,"rate per 100K"
"51530","county","Buena Vista City, Virginia","2018","prevent_hosp_rate",5578,"rate per 100K"
"51530","county","Buena Vista City, Virginia","2019","prevent_hosp_rate",3958,"rate per 100K"
"51530","county","Buena Vista City, Virginia","2020","prevent_hosp_rate",3579,"rate per 100K"
"51530","county","Buena Vista City, Virginia","2021","prevent_hosp_rate",4980,"rate per 100K"
"51540","county","Charlottesville City, Virginia","2015","prevent_hosp_rate",NA,"rate per 100K"
"51540","county","Charlottesville City, Virginia","2016","prevent_hosp_rate",NA,"rate per 100K"
"51540","county","Charlottesville City, Virginia","2017","prevent_hosp_rate",NA,"rate per 100K"
"51540","county","Charlottesville City, Virginia","2018","prevent_hosp_rate",3175,"rate per 100K"
"51540","county","Charlottesville City, Virginia","2019","prevent_hosp_rate",3251,"rate per 100K"
"51540","county","Charlottesville City, Virginia","2020","prevent_hosp_rate",3935,"rate per 100K"
"51540","county","Charlottesville City, Virginia","2021","prevent_hosp_rate",3556,"rate per 100K"
"51550","county","Chesapeake City, Virginia","2015","prevent_hosp_rate",5363,"rate per 100K"
"51550","county","Chesapeake City, Virginia","2016","prevent_hosp_rate",5474,"rate per 100K"
"51550","county","Chesapeake City, Virginia","2017","prevent_hosp_rate",4658,"rate per 100K"
"51550","county","Chesapeake City, Virginia","2018","prevent_hosp_rate",5092,"rate per 100K"
"51550","county","Chesapeake City, Virginia","2019","prevent_hosp_rate",4757,"rate per 100K"
"51550","county","Chesapeake City, Virginia","2020","prevent_hosp_rate",5010,"rate per 100K"
"51550","county","Chesapeake City, Virginia","2021","prevent_hosp_rate",4769,"rate per 100K"
"51570","county","Colonial Heights City, Virginia","2015","prevent_hosp_rate",NA,"rate per 100K"
"51570","county","Colonial Heights City, Virginia","2016","prevent_hosp_rate",NA,"rate per 100K"
"51570","county","Colonial Heights City, Virginia","2017","prevent_hosp_rate",NA,"rate per 100K"
"51570","county","Colonial Heights City, Virginia","2018","prevent_hosp_rate",NA,"rate per 100K"
"51570","county","Colonial Heights City, Virginia","2019","prevent_hosp_rate",4894,"rate per 100K"
"51570","county","Colonial Heights City, Virginia","2020","prevent_hosp_rate",5579,"rate per 100K"
"51570","county","Colonial Heights City, Virginia","2021","prevent_hosp_rate",5700,"rate per 100K"
"51580","county","Covington City, Virginia","2015","prevent_hosp_rate",NA,"rate per 100K"
"51580","county","Covington City, Virginia","2016","prevent_hosp_rate",NA,"rate per 100K"
"51580","county","Covington City, Virginia","2017","prevent_hosp_rate",NA,"rate per 100K"
"51580","county","Covington City, Virginia","2018","prevent_hosp_rate",NA,"rate per 100K"
"51580","county","Covington City, Virginia","2019","prevent_hosp_rate",5591,"rate per 100K"
"51580","county","Covington City, Virginia","2020","prevent_hosp_rate",5163,"rate per 100K"
"51580","county","Covington City, Virginia","2021","prevent_hosp_rate",4687,"rate per 100K"
"51590","county","Danville City, Virginia","2015","prevent_hosp_rate",5382,"rate per 100K"
"51590","county","Danville City, Virginia","2016","prevent_hosp_rate",4844,"rate per 100K"
"51590","county","Danville City, Virginia","2017","prevent_hosp_rate",5260,"rate per 100K"
"51590","county","Danville City, Virginia","2018","prevent_hosp_rate",5044,"rate per 100K"
"51590","county","Danville City, Virginia","2019","prevent_hosp_rate",5382,"rate per 100K"
"51590","county","Danville City, Virginia","2020","prevent_hosp_rate",5475,"rate per 100K"
"51590","county","Danville City, Virginia","2021","prevent_hosp_rate",5149,"rate per 100K"
"51595","county","Emporia City, Virginia","2015","prevent_hosp_rate",11131,"rate per 100K"
"51595","county","Emporia City, Virginia","2016","prevent_hosp_rate",11028,"rate per 100K"
"51595","county","Emporia City, Virginia","2017","prevent_hosp_rate",7627,"rate per 100K"
"51595","county","Emporia City, Virginia","2018","prevent_hosp_rate",6879,"rate per 100K"
"51595","county","Emporia City, Virginia","2019","prevent_hosp_rate",6384,"rate per 100K"
"51595","county","Emporia City, Virginia","2020","prevent_hosp_rate",6136,"rate per 100K"
"51595","county","Emporia City, Virginia","2021","prevent_hosp_rate",5535,"rate per 100K"
"51600","county","Fairfax City, Virginia","2015","prevent_hosp_rate",4415,"rate per 100K"
"51600","county","Fairfax City, Virginia","2016","prevent_hosp_rate",NA,"rate per 100K"
"51600","county","Fairfax City, Virginia","2017","prevent_hosp_rate",NA,"rate per 100K"
"51600","county","Fairfax City, Virginia","2018","prevent_hosp_rate",3357,"rate per 100K"
"51600","county","Fairfax City, Virginia","2019","prevent_hosp_rate",3285,"rate per 100K"
"51600","county","Fairfax City, Virginia","2020","prevent_hosp_rate",2980,"rate per 100K"
"51600","county","Fairfax City, Virginia","2021","prevent_hosp_rate",2610,"rate per 100K"
"51610","county","Falls Church City, Virginia","2015","prevent_hosp_rate",3436,"rate per 100K"
"51610","county","Falls Church City, Virginia","2016","prevent_hosp_rate",2098,"rate per 100K"
"51610","county","Falls Church City, Virginia","2017","prevent_hosp_rate",2122,"rate per 100K"
"51610","county","Falls Church City, Virginia","2018","prevent_hosp_rate",2372,"rate per 100K"
"51610","county","Falls Church City, Virginia","2019","prevent_hosp_rate",2954,"rate per 100K"
"51610","county","Falls Church City, Virginia","2020","prevent_hosp_rate",2793,"rate per 100K"
"51610","county","Falls Church City, Virginia","2021","prevent_hosp_rate",2091,"rate per 100K"
"51620","county","Franklin City, Virginia","2015","prevent_hosp_rate",6992,"rate per 100K"
"51620","county","Franklin City, Virginia","2016","prevent_hosp_rate",6684,"rate per 100K"
"51620","county","Franklin City, Virginia","2017","prevent_hosp_rate",5799,"rate per 100K"
"51620","county","Franklin City, Virginia","2018","prevent_hosp_rate",6795,"rate per 100K"
"51620","county","Franklin City, Virginia","2019","prevent_hosp_rate",5577,"rate per 100K"
"51620","county","Franklin City, Virginia","2020","prevent_hosp_rate",5508,"rate per 100K"
"51620","county","Franklin City, Virginia","2021","prevent_hosp_rate",5773,"rate per 100K"
"51630","county","Fredericksburg City, Virginia","2015","prevent_hosp_rate",8115,"rate per 100K"
"51630","county","Fredericksburg City, Virginia","2016","prevent_hosp_rate",5830,"rate per 100K"
"51630","county","Fredericksburg City, Virginia","2017","prevent_hosp_rate",4708,"rate per 100K"
"51630","county","Fredericksburg City, Virginia","2018","prevent_hosp_rate",5102,"rate per 100K"
"51630","county","Fredericksburg City, Virginia","2019","prevent_hosp_rate",5657,"rate per 100K"
"51630","county","Fredericksburg City, Virginia","2020","prevent_hosp_rate",5514,"rate per 100K"
"51630","county","Fredericksburg City, Virginia","2021","prevent_hosp_rate",6769,"rate per 100K"
"51640","county","Galax City, Virginia","2015","prevent_hosp_rate",8451,"rate per 100K"
"51640","county","Galax City, Virginia","2016","prevent_hosp_rate",5727,"rate per 100K"
"51640","county","Galax City, Virginia","2017","prevent_hosp_rate",4990,"rate per 100K"
"51640","county","Galax City, Virginia","2018","prevent_hosp_rate",5814,"rate per 100K"
"51640","county","Galax City, Virginia","2019","prevent_hosp_rate",4563,"rate per 100K"
"51640","county","Galax City, Virginia","2020","prevent_hosp_rate",4160,"rate per 100K"
"51640","county","Galax City, Virginia","2021","prevent_hosp_rate",3909,"rate per 100K"
"51650","county","Hampton City, Virginia","2015","prevent_hosp_rate",4496,"rate per 100K"
"51650","county","Hampton City, Virginia","2016","prevent_hosp_rate",4129,"rate per 100K"
"51650","county","Hampton City, Virginia","2017","prevent_hosp_rate",3776,"rate per 100K"
"51650","county","Hampton City, Virginia","2018","prevent_hosp_rate",3875,"rate per 100K"
"51650","county","Hampton City, Virginia","2019","prevent_hosp_rate",4230,"rate per 100K"
"51650","county","Hampton City, Virginia","2020","prevent_hosp_rate",4424,"rate per 100K"
"51650","county","Hampton City, Virginia","2021","prevent_hosp_rate",4354,"rate per 100K"
"51660","county","Harrisonburg City, Virginia","2015","prevent_hosp_rate",NA,"rate per 100K"
"51660","county","Harrisonburg City, Virginia","2016","prevent_hosp_rate",4535,"rate per 100K"
"51660","county","Harrisonburg City, Virginia","2017","prevent_hosp_rate",3791,"rate per 100K"
"51660","county","Harrisonburg City, Virginia","2018","prevent_hosp_rate",4114,"rate per 100K"
"51660","county","Harrisonburg City, Virginia","2019","prevent_hosp_rate",3883,"rate per 100K"
"51660","county","Harrisonburg City, Virginia","2020","prevent_hosp_rate",4697,"rate per 100K"
"51660","county","Harrisonburg City, Virginia","2021","prevent_hosp_rate",4753,"rate per 100K"
"51670","county","Hopewell City, Virginia","2015","prevent_hosp_rate",9022,"rate per 100K"
"51670","county","Hopewell City, Virginia","2016","prevent_hosp_rate",7264,"rate per 100K"
"51670","county","Hopewell City, Virginia","2017","prevent_hosp_rate",7005,"rate per 100K"
"51670","county","Hopewell City, Virginia","2018","prevent_hosp_rate",6528,"rate per 100K"
"51670","county","Hopewell City, Virginia","2019","prevent_hosp_rate",6556,"rate per 100K"
"51670","county","Hopewell City, Virginia","2020","prevent_hosp_rate",6536,"rate per 100K"
"51670","county","Hopewell City, Virginia","2021","prevent_hosp_rate",6199,"rate per 100K"
"51678","county","Lexington City, Virginia","2015","prevent_hosp_rate",NA,"rate per 100K"
"51678","county","Lexington City, Virginia","2016","prevent_hosp_rate",NA,"rate per 100K"
"51678","county","Lexington City, Virginia","2017","prevent_hosp_rate",NA,"rate per 100K"
"51678","county","Lexington City, Virginia","2018","prevent_hosp_rate",NA,"rate per 100K"
"51678","county","Lexington City, Virginia","2019","prevent_hosp_rate",3153,"rate per 100K"
"51678","county","Lexington City, Virginia","2020","prevent_hosp_rate",2531,"rate per 100K"
"51678","county","Lexington City, Virginia","2021","prevent_hosp_rate",3171,"rate per 100K"
"51680","county","Lynchburg City, Virginia","2015","prevent_hosp_rate",5453,"rate per 100K"
"51680","county","Lynchburg City, Virginia","2016","prevent_hosp_rate",4514,"rate per 100K"
"51680","county","Lynchburg City, Virginia","2017","prevent_hosp_rate",3988,"rate per 100K"
"51680","county","Lynchburg City, Virginia","2018","prevent_hosp_rate",3570,"rate per 100K"
"51680","county","Lynchburg City, Virginia","2019","prevent_hosp_rate",4511,"rate per 100K"
"51680","county","Lynchburg City, Virginia","2020","prevent_hosp_rate",4384,"rate per 100K"
"51680","county","Lynchburg City, Virginia","2021","prevent_hosp_rate",4156,"rate per 100K"
"51683","county","Manassas City, Virginia","2015","prevent_hosp_rate",NA,"rate per 100K"
"51683","county","Manassas City, Virginia","2016","prevent_hosp_rate",NA,"rate per 100K"
"51683","county","Manassas City, Virginia","2017","prevent_hosp_rate",3598,"rate per 100K"
"51683","county","Manassas City, Virginia","2018","prevent_hosp_rate",NA,"rate per 100K"
"51683","county","Manassas City, Virginia","2019","prevent_hosp_rate",3715,"rate per 100K"
"51683","county","Manassas City, Virginia","2020","prevent_hosp_rate",4412,"rate per 100K"
"51683","county","Manassas City, Virginia","2021","prevent_hosp_rate",4114,"rate per 100K"
"51685","county","Manassas Park City, Virginia","2015","prevent_hosp_rate",4967,"rate per 100K"
"51685","county","Manassas Park City, Virginia","2016","prevent_hosp_rate",4080,"rate per 100K"
"51685","county","Manassas Park City, Virginia","2017","prevent_hosp_rate",3803,"rate per 100K"
"51685","county","Manassas Park City, Virginia","2018","prevent_hosp_rate",3120,"rate per 100K"
"51685","county","Manassas Park City, Virginia","2019","prevent_hosp_rate",NA,"rate per 100K"
"51685","county","Manassas Park City, Virginia","2020","prevent_hosp_rate",NA,"rate per 100K"
"51685","county","Manassas Park City, Virginia","2021","prevent_hosp_rate",NA,"rate per 100K"
"51690","county","Martinsville City, Virginia","2015","prevent_hosp_rate",6234,"rate per 100K"
"51690","county","Martinsville City, Virginia","2016","prevent_hosp_rate",6494,"rate per 100K"
"51690","county","Martinsville City, Virginia","2017","prevent_hosp_rate",5848,"rate per 100K"
"51690","county","Martinsville City, Virginia","2018","prevent_hosp_rate",4586,"rate per 100K"
"51690","county","Martinsville City, Virginia","2019","prevent_hosp_rate",7107,"rate per 100K"
"51690","county","Martinsville City, Virginia","2020","prevent_hosp_rate",6637,"rate per 100K"
"51690","county","Martinsville City, Virginia","2021","prevent_hosp_rate",6149,"rate per 100K"
"51700","county","Newport News City, Virginia","2015","prevent_hosp_rate",3835,"rate per 100K"
"51700","county","Newport News City, Virginia","2016","prevent_hosp_rate",3819,"rate per 100K"
"51700","county","Newport News City, Virginia","2017","prevent_hosp_rate",3408,"rate per 100K"
"51700","county","Newport News City, Virginia","2018","prevent_hosp_rate",3444,"rate per 100K"
"51700","county","Newport News City, Virginia","2019","prevent_hosp_rate",4524,"rate per 100K"
"51700","county","Newport News City, Virginia","2020","prevent_hosp_rate",4689,"rate per 100K"
"51700","county","Newport News City, Virginia","2021","prevent_hosp_rate",4362,"rate per 100K"
"51710","county","Norfolk City, Virginia","2015","prevent_hosp_rate",5824,"rate per 100K"
"51710","county","Norfolk City, Virginia","2016","prevent_hosp_rate",5206,"rate per 100K"
"51710","county","Norfolk City, Virginia","2017","prevent_hosp_rate",4346,"rate per 100K"
"51710","county","Norfolk City, Virginia","2018","prevent_hosp_rate",4626,"rate per 100K"
"51710","county","Norfolk City, Virginia","2019","prevent_hosp_rate",5709,"rate per 100K"
"51710","county","Norfolk City, Virginia","2020","prevent_hosp_rate",5638,"rate per 100K"
"51710","county","Norfolk City, Virginia","2021","prevent_hosp_rate",5148,"rate per 100K"
"51720","county","Norton City, Virginia","2015","prevent_hosp_rate",12599,"rate per 100K"
"51720","county","Norton City, Virginia","2016","prevent_hosp_rate",9926,"rate per 100K"
"51720","county","Norton City, Virginia","2017","prevent_hosp_rate",6966,"rate per 100K"
"51720","county","Norton City, Virginia","2018","prevent_hosp_rate",8671,"rate per 100K"
"51720","county","Norton City, Virginia","2019","prevent_hosp_rate",5625,"rate per 100K"
"51720","county","Norton City, Virginia","2020","prevent_hosp_rate",6775,"rate per 100K"
"51720","county","Norton City, Virginia","2021","prevent_hosp_rate",6767,"rate per 100K"
"51730","county","Petersburg City, Virginia","2015","prevent_hosp_rate",NA,"rate per 100K"
"51730","county","Petersburg City, Virginia","2016","prevent_hosp_rate",8124,"rate per 100K"
"51730","county","Petersburg City, Virginia","2017","prevent_hosp_rate",5348,"rate per 100K"
"51730","county","Petersburg City, Virginia","2018","prevent_hosp_rate",5417,"rate per 100K"
"51730","county","Petersburg City, Virginia","2019","prevent_hosp_rate",7567,"rate per 100K"
"51730","county","Petersburg City, Virginia","2020","prevent_hosp_rate",7055,"rate per 100K"
"51730","county","Petersburg City, Virginia","2021","prevent_hosp_rate",6476,"rate per 100K"
"51735","county","Poquoson City, Virginia","2015","prevent_hosp_rate",3955,"rate per 100K"
"51735","county","Poquoson City, Virginia","2016","prevent_hosp_rate",3270,"rate per 100K"
"51735","county","Poquoson City, Virginia","2017","prevent_hosp_rate",2940,"rate per 100K"
"51735","county","Poquoson City, Virginia","2018","prevent_hosp_rate",3472,"rate per 100K"
"51735","county","Poquoson City, Virginia","2019","prevent_hosp_rate",2358,"rate per 100K"
"51735","county","Poquoson City, Virginia","2020","prevent_hosp_rate",4597,"rate per 100K"
"51735","county","Poquoson City, Virginia","2021","prevent_hosp_rate",4050,"rate per 100K"
"51740","county","Portsmouth City, Virginia","2015","prevent_hosp_rate",3739,"rate per 100K"
"51740","county","Portsmouth City, Virginia","2016","prevent_hosp_rate",3004,"rate per 100K"
"51740","county","Portsmouth City, Virginia","2017","prevent_hosp_rate",2937,"rate per 100K"
"51740","county","Portsmouth City, Virginia","2018","prevent_hosp_rate",3389,"rate per 100K"
"51740","county","Portsmouth City, Virginia","2019","prevent_hosp_rate",4490,"rate per 100K"
"51740","county","Portsmouth City, Virginia","2020","prevent_hosp_rate",5067,"rate per 100K"
"51740","county","Portsmouth City, Virginia","2021","prevent_hosp_rate",4717,"rate per 100K"
"51750","county","Radford City, Virginia","2015","prevent_hosp_rate",6578,"rate per 100K"
"51750","county","Radford City, Virginia","2016","prevent_hosp_rate",5070,"rate per 100K"
"51750","county","Radford City, Virginia","2017","prevent_hosp_rate",4542,"rate per 100K"
"51750","county","Radford City, Virginia","2018","prevent_hosp_rate",3949,"rate per 100K"
"51750","county","Radford City, Virginia","2019","prevent_hosp_rate",4211,"rate per 100K"
"51750","county","Radford City, Virginia","2020","prevent_hosp_rate",4136,"rate per 100K"
"51750","county","Radford City, Virginia","2021","prevent_hosp_rate",4707,"rate per 100K"
"51760","county","Richmond City, Virginia","2015","prevent_hosp_rate",5141,"rate per 100K"
"51760","county","Richmond City, Virginia","2016","prevent_hosp_rate",5218,"rate per 100K"
"51760","county","Richmond City, Virginia","2017","prevent_hosp_rate",4095,"rate per 100K"
"51760","county","Richmond City, Virginia","2018","prevent_hosp_rate",4167,"rate per 100K"
"51760","county","Richmond City, Virginia","2019","prevent_hosp_rate",4927,"rate per 100K"
"51760","county","Richmond City, Virginia","2020","prevent_hosp_rate",4572,"rate per 100K"
"51760","county","Richmond City, Virginia","2021","prevent_hosp_rate",4529,"rate per 100K"
"51770","county","Roanoke City, Virginia","2015","prevent_hosp_rate",5201,"rate per 100K"
"51770","county","Roanoke City, Virginia","2016","prevent_hosp_rate",5252,"rate per 100K"
"51770","county","Roanoke City, Virginia","2017","prevent_hosp_rate",4111,"rate per 100K"
"51770","county","Roanoke City, Virginia","2018","prevent_hosp_rate",4248,"rate per 100K"
"51770","county","Roanoke City, Virginia","2019","prevent_hosp_rate",4373,"rate per 100K"
"51770","county","Roanoke City, Virginia","2020","prevent_hosp_rate",4276,"rate per 100K"
"51770","county","Roanoke City, Virginia","2021","prevent_hosp_rate",4492,"rate per 100K"
"51775","county","Salem City, Virginia","2015","prevent_hosp_rate",5651,"rate per 100K"
"51775","county","Salem City, Virginia","2016","prevent_hosp_rate",4327,"rate per 100K"
"51775","county","Salem City, Virginia","2017","prevent_hosp_rate",4003,"rate per 100K"
"51775","county","Salem City, Virginia","2018","prevent_hosp_rate",3537,"rate per 100K"
"51775","county","Salem City, Virginia","2019","prevent_hosp_rate",4355,"rate per 100K"
"51775","county","Salem City, Virginia","2020","prevent_hosp_rate",4067,"rate per 100K"
"51775","county","Salem City, Virginia","2021","prevent_hosp_rate",3975,"rate per 100K"
"51790","county","Staunton City, Virginia","2015","prevent_hosp_rate",4998,"rate per 100K"
"51790","county","Staunton City, Virginia","2016","prevent_hosp_rate",4197,"rate per 100K"
"51790","county","Staunton City, Virginia","2017","prevent_hosp_rate",4040,"rate per 100K"
"51790","county","Staunton City, Virginia","2018","prevent_hosp_rate",3854,"rate per 100K"
"51790","county","Staunton City, Virginia","2019","prevent_hosp_rate",4047,"rate per 100K"
"51790","county","Staunton City, Virginia","2020","prevent_hosp_rate",3728,"rate per 100K"
"51790","county","Staunton City, Virginia","2021","prevent_hosp_rate",4153,"rate per 100K"
"51800","county","Suffolk City, Virginia","2015","prevent_hosp_rate",5107,"rate per 100K"
"51800","county","Suffolk City, Virginia","2016","prevent_hosp_rate",4715,"rate per 100K"
"51800","county","Suffolk City, Virginia","2017","prevent_hosp_rate",4594,"rate per 100K"
"51800","county","Suffolk City, Virginia","2018","prevent_hosp_rate",4372,"rate per 100K"
"51800","county","Suffolk City, Virginia","2019","prevent_hosp_rate",5193,"rate per 100K"
"51800","county","Suffolk City, Virginia","2020","prevent_hosp_rate",5765,"rate per 100K"
"51800","county","Suffolk City, Virginia","2021","prevent_hosp_rate",5621,"rate per 100K"
"51810","county","Virginia Beach City, Virginia","2015","prevent_hosp_rate",5094,"rate per 100K"
"51810","county","Virginia Beach City, Virginia","2016","prevent_hosp_rate",4812,"rate per 100K"
"51810","county","Virginia Beach City, Virginia","2017","prevent_hosp_rate",4263,"rate per 100K"
"51810","county","Virginia Beach City, Virginia","2018","prevent_hosp_rate",4426,"rate per 100K"
"51810","county","Virginia Beach City, Virginia","2019","prevent_hosp_rate",4165,"rate per 100K"
"51810","county","Virginia Beach City, Virginia","2020","prevent_hosp_rate",4637,"rate per 100K"
"51810","county","Virginia Beach City, Virginia","2021","prevent_hosp_rate",4487,"rate per 100K"
"51820","county","Waynesboro City, Virginia","2015","prevent_hosp_rate",4813,"rate per 100K"
"51820","county","Waynesboro City, Virginia","2016","prevent_hosp_rate",4228,"rate per 100K"
"51820","county","Waynesboro City, Virginia","2017","prevent_hosp_rate",4099,"rate per 100K"
"51820","county","Waynesboro City, Virginia","2018","prevent_hosp_rate",4021,"rate per 100K"
"51820","county","Waynesboro City, Virginia","2019","prevent_hosp_rate",4069,"rate per 100K"
"51820","county","Waynesboro City, Virginia","2020","prevent_hosp_rate",3507,"rate per 100K"
"51820","county","Waynesboro City, Virginia","2021","prevent_hosp_rate",4568,"rate per 100K"
"51830","county","Williamsburg City, Virginia","2015","prevent_hosp_rate",3984,"rate per 100K"
"51830","county","Williamsburg City, Virginia","2016","prevent_hosp_rate",3448,"rate per 100K"
"51830","county","Williamsburg City, Virginia","2017","prevent_hosp_rate",2925,"rate per 100K"
"51830","county","Williamsburg City, Virginia","2018","prevent_hosp_rate",3171,"rate per 100K"
"51830","county","Williamsburg City, Virginia","2019","prevent_hosp_rate",3613,"rate per 100K"
"51830","county","Williamsburg City, Virginia","2020","prevent_hosp_rate",4221,"rate per 100K"
"51830","county","Williamsburg City, Virginia","2021","prevent_hosp_rate",3493,"rate per 100K"
"51840","county","Winchester City, Virginia","2015","prevent_hosp_rate",7130,"rate per 100K"
"51840","county","Winchester City, Virginia","2016","prevent_hosp_rate",7185,"rate per 100K"
"51840","county","Winchester City, Virginia","2017","prevent_hosp_rate",6233,"rate per 100K"
"51840","county","Winchester City, Virginia","2018","prevent_hosp_rate",7168,"rate per 100K"
"51840","county","Winchester City, Virginia","2019","prevent_hosp_rate",5610,"rate per 100K"
"51840","county","Winchester City, Virginia","2020","prevent_hosp_rate",5099,"rate per 100K"
"51840","county","Winchester City, Virginia","2021","prevent_hosp_rate",5079,"rate per 100K"
