GEOID,region_type,region_name,year,measure,value,measure_type
11001,county,District of Columbia,2014,rent30,72261,count
51107,county,"Loudoun County, Virginia",2014,rent30,10946,count
24021,county,"Frederick County, Maryland",2014,rent30,10667,count
24031,county,"Montgomery County, Maryland",2014,rent30,59714,count
24033,county,"Prince George's County, Maryland",2014,rent30,58277,count
51059,county,"Fairfax County, Virginia",2014,rent30,54221,count
51153,county,"Prince William County, Virginia",2014,rent30,18920,count
51013,county,"Arlington County, Virginia",2014,rent30,20514,count
24017,county,"Charles County, Maryland",2014,rent30,6280,count
51600,county,"Fairfax city, Virginia",2014,rent30,1370,count
51610,county,"Falls Church city, Virginia",2014,rent30,764,count
51685,county,"Manassas Park city, Virginia",2014,rent30,748,count
51683,county,"Manassas city, Virginia",2014,rent30,2519,count
51510,county,"Alexandria city, Virginia",2014,rent30,16331,count
11001,county,District of Columbia,2015,rent30,73875,count
24033,county,"Prince George's County, Maryland",2015,rent30,58406,count
24017,county,"Charles County, Maryland",2015,rent30,6362,count
24021,county,"Frederick County, Maryland",2015,rent30,11051,count
24031,county,"Montgomery County, Maryland",2015,rent30,60799,count
51107,county,"Loudoun County, Virginia",2015,rent30,11149,count
51059,county,"Fairfax County, Virginia",2015,rent30,54766,count
51610,county,"Falls Church city, Virginia",2015,rent30,767,count
51685,county,"Manassas Park city, Virginia",2015,rent30,638,count
51153,county,"Prince William County, Virginia",2015,rent30,19666,count
51683,county,"Manassas city, Virginia",2015,rent30,2213,count
51013,county,"Arlington County, Virginia",2015,rent30,20980,count
51510,county,"Alexandria city, Virginia",2015,rent30,16329,count
51600,county,"Fairfax city, Virginia",2015,rent30,1271,count
11001,county,District of Columbia,2016,rent30,75060,count
51107,county,"Loudoun County, Virginia",2016,rent30,11620,count
51153,county,"Prince William County, Virginia",2016,rent30,20257,count
51685,county,"Manassas Park city, Virginia",2016,rent30,726,count
24021,county,"Frederick County, Maryland",2016,rent30,10742,count
24031,county,"Montgomery County, Maryland",2016,rent30,62075,count
51610,county,"Falls Church city, Virginia",2016,rent30,929,count
24033,county,"Prince George's County, Maryland",2016,rent30,58639,count
51059,county,"Fairfax County, Virginia",2016,rent30,55268,count
24017,county,"Charles County, Maryland",2016,rent30,6344,count
51013,county,"Arlington County, Virginia",2016,rent30,21579,count
51600,county,"Fairfax city, Virginia",2016,rent30,1186,count
51510,county,"Alexandria city, Virginia",2016,rent30,17244,count
51683,county,"Manassas city, Virginia",2016,rent30,2440,count
11001,county,District of Columbia,2017,rent30,73149,count
24017,county,"Charles County, Maryland",2017,rent30,6037,count
24021,county,"Frederick County, Maryland",2017,rent30,10776,count
24031,county,"Montgomery County, Maryland",2017,rent30,62368,count
51107,county,"Loudoun County, Virginia",2017,rent30,11856,count
51059,county,"Fairfax County, Virginia",2017,rent30,55040,count
51153,county,"Prince William County, Virginia",2017,rent30,19134,count
51610,county,"Falls Church city, Virginia",2017,rent30,1002,count
51685,county,"Manassas Park city, Virginia",2017,rent30,613,count
51510,county,"Alexandria city, Virginia",2017,rent30,16633,count
51600,county,"Fairfax city, Virginia",2017,rent30,1224,count
51013,county,"Arlington County, Virginia",2017,rent30,21533,count
51683,county,"Manassas city, Virginia",2017,rent30,2499,count
24033,county,"Prince George's County, Maryland",2017,rent30,58040,count
11001,county,District of Columbia,2018,rent30,72438,count
24033,county,"Prince George's County, Maryland",2018,rent30,58562,count
24017,county,"Charles County, Maryland",2018,rent30,6660,count
24021,county,"Frederick County, Maryland",2018,rent30,11071,count
24031,county,"Montgomery County, Maryland",2018,rent30,62389,count
51107,county,"Loudoun County, Virginia",2018,rent30,12551,count
51059,county,"Fairfax County, Virginia",2018,rent30,55473,count
51153,county,"Prince William County, Virginia",2018,rent30,18777,count
51685,county,"Manassas Park city, Virginia",2018,rent30,771,count
51610,county,"Falls Church city, Virginia",2018,rent30,868,count
51510,county,"Alexandria city, Virginia",2018,rent30,16894,count
51013,county,"Arlington County, Virginia",2018,rent30,22307,count
51600,county,"Fairfax city, Virginia",2018,rent30,1247,count
51683,county,"Manassas city, Virginia",2018,rent30,2545,count
24021,county,"Frederick County, Maryland",2019,rent30,10416,count
51600,county,"Fairfax city, Virginia",2019,rent30,1110,count
11001,county,District of Columbia,2019,rent30,72371,count
51153,county,"Prince William County, Virginia",2019,rent30,18583,count
24033,county,"Prince George's County, Maryland",2019,rent30,58477,count
24017,county,"Charles County, Maryland",2019,rent30,6103,count
51059,county,"Fairfax County, Virginia",2019,rent30,56027,count
51107,county,"Loudoun County, Virginia",2019,rent30,12223,count
24031,county,"Montgomery County, Maryland",2019,rent30,62430,count
51510,county,"Alexandria city, Virginia",2019,rent30,16424,count
51610,county,"Falls Church city, Virginia",2019,rent30,942,count
51013,county,"Arlington County, Virginia",2019,rent30,22731,count
51683,county,"Manassas city, Virginia",2019,rent30,2379,count
51685,county,"Manassas Park city, Virginia",2019,rent30,779,count
11001,county,District of Columbia,2014,morgage30,26670,count
51107,county,"Loudoun County, Virginia",2014,morgage30,22041,count
24021,county,"Frederick County, Maryland",2014,morgage30,15680,count
24031,county,"Montgomery County, Maryland",2014,morgage30,60824,count
24033,county,"Prince George's County, Maryland",2014,morgage30,66799,count
51059,county,"Fairfax County, Virginia",2014,morgage30,59854,count
51153,county,"Prince William County, Virginia",2014,morgage30,24521,count
51013,county,"Arlington County, Virginia",2014,morgage30,8386,count
24017,county,"Charles County, Maryland",2014,morgage30,11298,count
51600,county,"Fairfax city, Virginia",2014,morgage30,1254,count
51610,county,"Falls Church city, Virginia",2014,morgage30,561,count
51685,county,"Manassas Park city, Virginia",2014,morgage30,996,count
51683,county,"Manassas city, Virginia",2014,morgage30,1803,count
51510,county,"Alexandria city, Virginia",2014,morgage30,5709,count
11001,county,District of Columbia,2015,morgage30,25483,count
24033,county,"Prince George's County, Maryland",2015,morgage30,62045,count
24017,county,"Charles County, Maryland",2015,morgage30,11438,count
24021,county,"Frederick County, Maryland",2015,morgage30,15104,count
24031,county,"Montgomery County, Maryland",2015,morgage30,57145,count
51107,county,"Loudoun County, Virginia",2015,morgage30,20861,count
51059,county,"Fairfax County, Virginia",2015,morgage30,56611,count
51610,county,"Falls Church city, Virginia",2015,morgage30,626,count
51685,county,"Manassas Park city, Virginia",2015,morgage30,1146,count
51153,county,"Prince William County, Virginia",2015,morgage30,23620,count
51683,county,"Manassas city, Virginia",2015,morgage30,1814,count
51013,county,"Arlington County, Virginia",2015,morgage30,8062,count
51510,county,"Alexandria city, Virginia",2015,morgage30,5775,count
51600,county,"Fairfax city, Virginia",2015,morgage30,1101,count
11001,county,District of Columbia,2016,morgage30,23837,count
51107,county,"Loudoun County, Virginia",2016,morgage30,20107,count
51153,county,"Prince William County, Virginia",2016,morgage30,23220,count
51685,county,"Manassas Park city, Virginia",2016,morgage30,1043,count
24021,county,"Frederick County, Maryland",2016,morgage30,14631,count
24031,county,"Montgomery County, Maryland",2016,morgage30,53850,count
51610,county,"Falls Church city, Virginia",2016,morgage30,635,count
24033,county,"Prince George's County, Maryland",2016,morgage30,57825,count
51059,county,"Fairfax County, Virginia",2016,morgage30,54565,count
24017,county,"Charles County, Maryland",2016,morgage30,11364,count
51013,county,"Arlington County, Virginia",2016,morgage30,7837,count
51600,county,"Fairfax city, Virginia",2016,morgage30,1176,count
51510,county,"Alexandria city, Virginia",2016,morgage30,5663,count
51683,county,"Manassas city, Virginia",2016,morgage30,1735,count
11001,county,District of Columbia,2017,morgage30,23466,count
24017,county,"Charles County, Maryland",2017,morgage30,11180,count
24021,county,"Frederick County, Maryland",2017,morgage30,14347,count
24031,county,"Montgomery County, Maryland",2017,morgage30,51370,count
51107,county,"Loudoun County, Virginia",2017,morgage30,19506,count
51059,county,"Fairfax County, Virginia",2017,morgage30,53866,count
51153,county,"Prince William County, Virginia",2017,morgage30,23368,count
51610,county,"Falls Church city, Virginia",2017,morgage30,738,count
51685,county,"Manassas Park city, Virginia",2017,morgage30,1064,count
51510,county,"Alexandria city, Virginia",2017,morgage30,5860,count
51600,county,"Fairfax city, Virginia",2017,morgage30,1222,count
51013,county,"Arlington County, Virginia",2017,morgage30,7423,count
51683,county,"Manassas city, Virginia",2017,morgage30,1843,count
24033,county,"Prince George's County, Maryland",2017,morgage30,53870,count
11001,county,District of Columbia,2018,morgage30,23346,count
24033,county,"Prince George's County, Maryland",2018,morgage30,51670,count
24017,county,"Charles County, Maryland",2018,morgage30,10929,count
24021,county,"Frederick County, Maryland",2018,morgage30,13899,count
24031,county,"Montgomery County, Maryland",2018,morgage30,49487,count
51107,county,"Loudoun County, Virginia",2018,morgage30,19082,count
51059,county,"Fairfax County, Virginia",2018,morgage30,53508,count
51153,county,"Prince William County, Virginia",2018,morgage30,23492,count
51685,county,"Manassas Park city, Virginia",2018,morgage30,1069,count
51610,county,"Falls Church city, Virginia",2018,morgage30,756,count
51510,county,"Alexandria city, Virginia",2018,morgage30,5841,count
51013,county,"Arlington County, Virginia",2018,morgage30,7362,count
51600,county,"Fairfax city, Virginia",2018,morgage30,1303,count
51683,county,"Manassas city, Virginia",2018,morgage30,2174,count
24021,county,"Frederick County, Maryland",2019,morgage30,13003,count
51600,county,"Fairfax city, Virginia",2019,morgage30,1173,count
11001,county,District of Columbia,2019,morgage30,23576,count
51153,county,"Prince William County, Virginia",2019,morgage30,23503,count
24033,county,"Prince George's County, Maryland",2019,morgage30,50608,count
24017,county,"Charles County, Maryland",2019,morgage30,10567,count
51059,county,"Fairfax County, Virginia",2019,morgage30,52939,count
51107,county,"Loudoun County, Virginia",2019,morgage30,18155,count
24031,county,"Montgomery County, Maryland",2019,morgage30,48151,count
51510,county,"Alexandria city, Virginia",2019,morgage30,5729,count
51610,county,"Falls Church city, Virginia",2019,morgage30,735,count
51013,county,"Arlington County, Virginia",2019,morgage30,7267,count
51683,county,"Manassas city, Virginia",2019,morgage30,2195,count
51685,county,"Manassas Park city, Virginia",2019,morgage30,922,count
11001,county,District of Columbia,2014,owners,111198,count
51107,county,"Loudoun County, Virginia",2014,owners,84662,count
24021,county,"Frederick County, Maryland",2014,owners,64897,count
24031,county,"Montgomery County, Maryland",2014,owners,241626,count
24033,county,"Prince George's County, Maryland",2014,owners,189940,count
51059,county,"Fairfax County, Virginia",2014,owners,267156,count
51153,county,"Prince William County, Virginia",2014,owners,96757,count
51013,county,"Arlington County, Virginia",2014,owners,43157,count
24017,county,"Charles County, Maryland",2014,owners,40740,count
51600,county,"Fairfax city, Virginia",2014,owners,5944,count
51610,county,"Falls Church city, Virginia",2014,owners,2933,count
51685,county,"Manassas Park city, Virginia",2014,owners,2893,count
51683,county,"Manassas city, Virginia",2014,owners,7936,count
51510,county,"Alexandria city, Virginia",2014,owners,28146,count
11001,county,District of Columbia,2015,owners,112750,count
24033,county,"Prince George's County, Maryland",2015,owners,189462,count
24017,county,"Charles County, Maryland",2015,owners,41321,count
24021,county,"Frederick County, Maryland",2015,owners,65427,count
24031,county,"Montgomery County, Maryland",2015,owners,241654,count
51107,county,"Loudoun County, Virginia",2015,owners,87461,count
51059,county,"Fairfax County, Virginia",2015,owners,265693,count
51610,county,"Falls Church city, Virginia",2015,owners,3031,count
51685,county,"Manassas Park city, Virginia",2015,owners,3246,count
51153,county,"Prince William County, Virginia",2015,owners,97744,count
51683,county,"Manassas city, Virginia",2015,owners,7988,count
51013,county,"Arlington County, Virginia",2015,owners,43697,count
51510,county,"Alexandria city, Virginia",2015,owners,28410,count
51600,county,"Fairfax city, Virginia",2015,owners,5925,count
11001,county,District of Columbia,2016,owners,112672,count
51107,county,"Loudoun County, Virginia",2016,owners,90656,count
51153,county,"Prince William County, Virginia",2016,owners,98292,count
51685,county,"Manassas Park city, Virginia",2016,owners,3112,count
24021,county,"Frederick County, Maryland",2016,owners,65946,count
24031,county,"Montgomery County, Maryland",2016,owners,241201,count
51610,county,"Falls Church city, Virginia",2016,owners,3162,count
24033,county,"Prince George's County, Maryland",2016,owners,189084,count
51059,county,"Fairfax County, Virginia",2016,owners,265351,count
24017,county,"Charles County, Maryland",2016,owners,41874,count
51013,county,"Arlington County, Virginia",2016,owners,44531,count
51600,county,"Fairfax city, Virginia",2016,owners,5992,count
51510,county,"Alexandria city, Virginia",2016,owners,28710,count
51683,county,"Manassas city, Virginia",2016,owners,7727,count
11001,county,District of Columbia,2017,owners,115795,count
24017,county,"Charles County, Maryland",2017,owners,42505,count
24021,county,"Frederick County, Maryland",2017,owners,67295,count
24031,county,"Montgomery County, Maryland",2017,owners,242295,count
51107,county,"Loudoun County, Virginia",2017,owners,94437,count
51059,county,"Fairfax County, Virginia",2017,owners,266707,count
51153,county,"Prince William County, Virginia",2017,owners,100948,count
51610,county,"Falls Church city, Virginia",2017,owners,3178,count
51685,county,"Manassas Park city, Virginia",2017,owners,3224,count
51510,county,"Alexandria city, Virginia",2017,owners,29576,count
51600,county,"Fairfax city, Virginia",2017,owners,5949,count
51013,county,"Arlington County, Virginia",2017,owners,45525,count
51683,county,"Manassas city, Virginia",2017,owners,7979,count
24033,county,"Prince George's County, Maryland",2017,owners,189513,count
11001,county,District of Columbia,2018,owners,117571,count
24033,county,"Prince George's County, Maryland",2018,owners,191562,count
24017,county,"Charles County, Maryland",2018,owners,42764,count
24021,county,"Frederick County, Maryland",2018,owners,68379,count
24031,county,"Montgomery County, Maryland",2018,owners,242263,count
51107,county,"Loudoun County, Virginia",2018,owners,97513,count
51059,county,"Fairfax County, Virginia",2018,owners,268346,count
51153,county,"Prince William County, Virginia",2018,owners,102811,count
51685,county,"Manassas Park city, Virginia",2018,owners,3098,count
51610,county,"Falls Church city, Virginia",2018,owners,3243,count
51510,county,"Alexandria city, Virginia",2018,owners,29989,count
51013,county,"Arlington County, Virginia",2018,owners,45504,count
51600,county,"Fairfax city, Virginia",2018,owners,6066,count
51683,county,"Manassas city, Virginia",2018,owners,8301,count
24021,county,"Frederick County, Maryland",2019,owners,69614,count
51600,county,"Fairfax city, Virginia",2019,owners,6004,count
11001,county,District of Columbia,2019,owners,118367,count
51153,county,"Prince William County, Virginia",2019,owners,104061,count
24033,county,"Prince George's County, Maryland",2019,owners,193263,count
24017,county,"Charles County, Maryland",2019,owners,43436,count
51059,county,"Fairfax County, Virginia",2019,owners,269528,count
51107,county,"Loudoun County, Virginia",2019,owners,100400,count
24031,county,"Montgomery County, Maryland",2019,owners,242632,count
51510,county,"Alexandria city, Virginia",2019,owners,30553,count
51610,county,"Falls Church city, Virginia",2019,owners,3204,count
51013,county,"Arlington County, Virginia",2019,owners,45752,count
51683,county,"Manassas city, Virginia",2019,owners,8530,count
51685,county,"Manassas Park city, Virginia",2019,owners,3059,count
11001,county,District of Columbia,2014,own_morgage,85988,count
51107,county,"Loudoun County, Virginia",2014,own_morgage,74565,count
24021,county,"Frederick County, Maryland",2014,own_morgage,51232,count
24031,county,"Montgomery County, Maryland",2014,own_morgage,185967,count
24033,county,"Prince George's County, Maryland",2014,own_morgage,158914,count
51059,county,"Fairfax County, Virginia",2014,own_morgage,215602,count
51153,county,"Prince William County, Virginia",2014,own_morgage,83274,count
51013,county,"Arlington County, Virginia",2014,own_morgage,34077,count
24017,county,"Charles County, Maryland",2014,own_morgage,34123,count
51600,county,"Fairfax city, Virginia",2014,own_morgage,4529,count
51610,county,"Falls Church city, Virginia",2014,own_morgage,2428,count
51685,county,"Manassas Park city, Virginia",2014,own_morgage,2485,count
51683,county,"Manassas city, Virginia",2014,own_morgage,6431,count
51510,county,"Alexandria city, Virginia",2014,own_morgage,22465,count
11001,county,District of Columbia,2015,own_morgage,87023,count
24033,county,"Prince George's County, Maryland",2015,own_morgage,158208,count
24017,county,"Charles County, Maryland",2015,own_morgage,34457,count
24021,county,"Frederick County, Maryland",2015,own_morgage,51201,count
24031,county,"Montgomery County, Maryland",2015,own_morgage,184677,count
51107,county,"Loudoun County, Virginia",2015,own_morgage,76441,count
51059,county,"Fairfax County, Virginia",2015,own_morgage,212034,count
51610,county,"Falls Church city, Virginia",2015,own_morgage,2550,count
51685,county,"Manassas Park city, Virginia",2015,own_morgage,2833,count
51153,county,"Prince William County, Virginia",2015,own_morgage,83446,count
51683,county,"Manassas city, Virginia",2015,own_morgage,6516,count
51013,county,"Arlington County, Virginia",2015,own_morgage,34036,count
51510,county,"Alexandria city, Virginia",2015,own_morgage,22824,count
51600,county,"Fairfax city, Virginia",2015,own_morgage,4510,count
11001,county,District of Columbia,2016,own_morgage,86201,count
51107,county,"Loudoun County, Virginia",2016,own_morgage,78302,count
51153,county,"Prince William County, Virginia",2016,own_morgage,83299,count
51685,county,"Manassas Park city, Virginia",2016,own_morgage,2743,count
24021,county,"Frederick County, Maryland",2016,own_morgage,51578,count
24031,county,"Montgomery County, Maryland",2016,own_morgage,182486,count
51610,county,"Falls Church city, Virginia",2016,own_morgage,2564,count
24033,county,"Prince George's County, Maryland",2016,own_morgage,156923,count
51059,county,"Fairfax County, Virginia",2016,own_morgage,209686,count
24017,county,"Charles County, Maryland",2016,own_morgage,34648,count
51013,county,"Arlington County, Virginia",2016,own_morgage,34287,count
51600,county,"Fairfax city, Virginia",2016,own_morgage,4534,count
51510,county,"Alexandria city, Virginia",2016,own_morgage,22986,count
51683,county,"Manassas city, Virginia",2016,own_morgage,6148,count
11001,county,District of Columbia,2017,own_morgage,88015,count
24017,county,"Charles County, Maryland",2017,own_morgage,34729,count
24021,county,"Frederick County, Maryland",2017,own_morgage,52199,count
24031,county,"Montgomery County, Maryland",2017,own_morgage,181290,count
51107,county,"Loudoun County, Virginia",2017,own_morgage,81122,count
51059,county,"Fairfax County, Virginia",2017,own_morgage,207731,count
51153,county,"Prince William County, Virginia",2017,own_morgage,84603,count
51610,county,"Falls Church city, Virginia",2017,own_morgage,2563,count
51685,county,"Manassas Park city, Virginia",2017,own_morgage,2836,count
51510,county,"Alexandria city, Virginia",2017,own_morgage,23571,count
51600,county,"Fairfax city, Virginia",2017,own_morgage,4580,count
51013,county,"Arlington County, Virginia",2017,own_morgage,34603,count
51683,county,"Manassas city, Virginia",2017,own_morgage,6384,count
24033,county,"Prince George's County, Maryland",2017,own_morgage,155735,count
11001,county,District of Columbia,2018,own_morgage,88908,count
24033,county,"Prince George's County, Maryland",2018,own_morgage,156412,count
24017,county,"Charles County, Maryland",2018,own_morgage,35005,count
24021,county,"Frederick County, Maryland",2018,own_morgage,52581,count
24031,county,"Montgomery County, Maryland",2018,own_morgage,179172,count
51107,county,"Loudoun County, Virginia",2018,own_morgage,82713,count
51059,county,"Fairfax County, Virginia",2018,own_morgage,206802,count
51153,county,"Prince William County, Virginia",2018,own_morgage,85873,count
51685,county,"Manassas Park city, Virginia",2018,own_morgage,2749,count
51610,county,"Falls Church city, Virginia",2018,own_morgage,2525,count
51510,county,"Alexandria city, Virginia",2018,own_morgage,23645,count
51013,county,"Arlington County, Virginia",2018,own_morgage,34307,count
51600,county,"Fairfax city, Virginia",2018,own_morgage,4765,count
51683,county,"Manassas city, Virginia",2018,own_morgage,6720,count
24021,county,"Frederick County, Maryland",2019,own_morgage,53351,count
51600,county,"Fairfax city, Virginia",2019,own_morgage,4685,count
11001,county,District of Columbia,2019,own_morgage,89672,count
51153,county,"Prince William County, Virginia",2019,own_morgage,86316,count
24033,county,"Prince George's County, Maryland",2019,own_morgage,157091,count
24017,county,"Charles County, Maryland",2019,own_morgage,35123,count
51059,county,"Fairfax County, Virginia",2019,own_morgage,205205,count
51107,county,"Loudoun County, Virginia",2019,own_morgage,84646,count
24031,county,"Montgomery County, Maryland",2019,own_morgage,177561,count
51510,county,"Alexandria city, Virginia",2019,own_morgage,23737,count
51610,county,"Falls Church city, Virginia",2019,own_morgage,2398,count
51013,county,"Arlington County, Virginia",2019,own_morgage,34239,count
51683,county,"Manassas city, Virginia",2019,own_morgage,6832,count
51685,county,"Manassas Park city, Virginia",2019,own_morgage,2620,count
11001,county,District of Columbia,2014,renters,156217,count
51107,county,"Loudoun County, Virginia",2014,renters,25385,count
24021,county,"Frederick County, Maryland",2014,renters,22362,count
24031,county,"Montgomery County, Maryland",2014,renters,120982,count
24033,county,"Prince George's County, Maryland",2014,renters,115175,count
51059,county,"Fairfax County, Virginia",2014,renters,124638,count
51153,county,"Prince William County, Virginia",2014,renters,37980,count
51013,county,"Arlington County, Virginia",2014,renters,53107,count
24017,county,"Charles County, Maryland",2014,renters,11529,count
51600,county,"Fairfax city, Virginia",2014,renters,2536,count
51610,county,"Falls Church city, Virginia",2014,renters,2033,count
51685,county,"Manassas Park city, Virginia",2014,renters,1633,count
51683,county,"Manassas city, Virginia",2014,renters,4338,count
51510,county,"Alexandria city, Virginia",2014,renters,37770,count
11001,county,District of Columbia,2015,renters,160640,count
24033,county,"Prince George's County, Maryland",2015,renters,116148,count
24017,county,"Charles County, Maryland",2015,renters,11850,count
24021,county,"Frederick County, Maryland",2015,renters,23067,count
24031,county,"Montgomery County, Maryland",2015,renters,123581,count
51107,county,"Loudoun County, Virginia",2015,renters,25971,count
51059,county,"Fairfax County, Virginia",2015,renters,126662,count
51610,county,"Falls Church city, Virginia",2015,renters,2135,count
51685,county,"Manassas Park city, Virginia",2015,renters,1477,count
51153,county,"Prince William County, Virginia",2015,renters,39050,count
51683,county,"Manassas city, Virginia",2015,renters,4445,count
51013,county,"Arlington County, Virginia",2015,renters,54744,count
51510,county,"Alexandria city, Virginia",2015,renters,38469,count
51600,county,"Fairfax city, Virginia",2015,renters,2542,count
11001,county,District of Columbia,2016,renters,163874,count
51107,county,"Loudoun County, Virginia",2016,renters,26417,count
51153,county,"Prince William County, Virginia",2016,renters,39810,count
51685,county,"Manassas Park city, Virginia",2016,renters,1618,count
24021,county,"Frederick County, Maryland",2016,renters,23049,count
24031,county,"Montgomery County, Maryland",2016,renters,126563,count
51610,county,"Falls Church city, Virginia",2016,renters,2139,count
24033,county,"Prince George's County, Maryland",2016,renters,117627,count
51059,county,"Fairfax County, Virginia",2016,renters,128007,count
24017,county,"Charles County, Maryland",2016,renters,12231,count
51013,county,"Arlington County, Virginia",2016,renters,56176,count
51600,county,"Fairfax city, Virginia",2016,renters,2484,count
51510,county,"Alexandria city, Virginia",2016,renters,39353,count
51683,county,"Manassas city, Virginia",2016,renters,4703,count
11001,county,District of Columbia,2017,renters,162190,count
24017,county,"Charles County, Maryland",2017,renters,12483,count
24021,county,"Frederick County, Maryland",2017,renters,22727,count
24031,county,"Montgomery County, Maryland",2017,renters,126947,count
51107,county,"Loudoun County, Virginia",2017,renters,26862,count
51059,county,"Fairfax County, Virginia",2017,renters,126673,count
51153,county,"Prince William County, Virginia",2017,renters,38358,count
51610,county,"Falls Church city, Virginia",2017,renters,2130,count
51685,county,"Manassas Park city, Virginia",2017,renters,1554,count
51510,county,"Alexandria city, Virginia",2017,renters,39087,count
51600,county,"Fairfax city, Virginia",2017,renters,2550,count
51013,county,"Arlington County, Virginia",2017,renters,56785,count
51683,county,"Manassas city, Virginia",2017,renters,4561,count
24033,county,"Prince George's County, Maryland",2017,renters,117181,count
11001,county,District of Columbia,2018,renters,163751,count
24033,county,"Prince George's County, Maryland",2018,renters,117287,count
24017,county,"Charles County, Maryland",2018,renters,13139,count
24021,county,"Frederick County, Maryland",2018,renters,23026,count
24031,county,"Montgomery County, Maryland",2018,renters,127964,count
51107,county,"Loudoun County, Virginia",2018,renters,27796,count
51059,county,"Fairfax County, Virginia",2018,renters,126101,count
51153,county,"Prince William County, Virginia",2018,renters,37662,count
51685,county,"Manassas Park city, Virginia",2018,renters,1608,count
51610,county,"Falls Church city, Virginia",2018,renters,2019,count
51510,county,"Alexandria city, Virginia",2018,renters,39990,count
51013,county,"Arlington County, Virginia",2018,renters,59212,count
51600,county,"Fairfax city, Virginia",2018,renters,2487,count
51683,county,"Manassas city, Virginia",2018,renters,4448,count
24021,county,"Frederick County, Maryland",2019,renters,22912,count
51600,county,"Fairfax city, Virginia",2019,renters,2573,count
11001,county,District of Columbia,2019,renters,166019,count
51153,county,"Prince William County, Virginia",2019,renters,37939,count
24033,county,"Prince George's County, Maryland",2019,renters,118080,count
24017,county,"Charles County, Maryland",2019,renters,13084,count
51059,county,"Fairfax County, Virginia",2019,renters,126973,count
51107,county,"Loudoun County, Virginia",2019,renters,28237,count
24031,county,"Montgomery County, Maryland",2019,renters,128318,count
51510,county,"Alexandria city, Virginia",2019,renters,40045,count
51610,county,"Falls Church city, Virginia",2019,renters,2289,count
51013,county,"Arlington County, Virginia",2019,renters,61280,count
51683,county,"Manassas city, Virginia",2019,renters,4368,count
51685,county,"Manassas Park city, Virginia",2019,renters,1582,count
11001,county,District of Columbia,2014,tot_above30,98931,count
51107,county,"Loudoun County, Virginia",2014,tot_above30,32987,count
24021,county,"Frederick County, Maryland",2014,tot_above30,26347,count
24031,county,"Montgomery County, Maryland",2014,tot_above30,120538,count
24033,county,"Prince George's County, Maryland",2014,tot_above30,125076,count
51059,county,"Fairfax County, Virginia",2014,tot_above30,114075,count
51153,county,"Prince William County, Virginia",2014,tot_above30,43441,count
51013,county,"Arlington County, Virginia",2014,tot_above30,28900,count
24017,county,"Charles County, Maryland",2014,tot_above30,17578,count
51600,county,"Fairfax city, Virginia",2014,tot_above30,2624,count
51610,county,"Falls Church city, Virginia",2014,tot_above30,1325,count
51685,county,"Manassas Park city, Virginia",2014,tot_above30,1744,count
51683,county,"Manassas city, Virginia",2014,tot_above30,4322,count
51510,county,"Alexandria city, Virginia",2014,tot_above30,22040,count
11001,county,District of Columbia,2015,tot_above30,99358,count
24033,county,"Prince George's County, Maryland",2015,tot_above30,120451,count
24017,county,"Charles County, Maryland",2015,tot_above30,17800,count
24021,county,"Frederick County, Maryland",2015,tot_above30,26155,count
24031,county,"Montgomery County, Maryland",2015,tot_above30,117944,count
51107,county,"Loudoun County, Virginia",2015,tot_above30,32010,count
51059,county,"Fairfax County, Virginia",2015,tot_above30,111377,count
51610,county,"Falls Church city, Virginia",2015,tot_above30,1393,count
51685,county,"Manassas Park city, Virginia",2015,tot_above30,1784,count
51153,county,"Prince William County, Virginia",2015,tot_above30,43286,count
51683,county,"Manassas city, Virginia",2015,tot_above30,4027,count
51013,county,"Arlington County, Virginia",2015,tot_above30,29042,count
51510,county,"Alexandria city, Virginia",2015,tot_above30,22104,count
51600,county,"Fairfax city, Virginia",2015,tot_above30,2372,count
11001,county,District of Columbia,2016,tot_above30,98897,count
51107,county,"Loudoun County, Virginia",2016,tot_above30,31727,count
51153,county,"Prince William County, Virginia",2016,tot_above30,43477,count
51685,county,"Manassas Park city, Virginia",2016,tot_above30,1769,count
24021,county,"Frederick County, Maryland",2016,tot_above30,25373,count
24031,county,"Montgomery County, Maryland",2016,tot_above30,115925,count
51610,county,"Falls Church city, Virginia",2016,tot_above30,1564,count
24033,county,"Prince George's County, Maryland",2016,tot_above30,116464,count
51059,county,"Fairfax County, Virginia",2016,tot_above30,109833,count
24017,county,"Charles County, Maryland",2016,tot_above30,17708,count
51013,county,"Arlington County, Virginia",2016,tot_above30,29416,count
51600,county,"Fairfax city, Virginia",2016,tot_above30,2362,count
51510,county,"Alexandria city, Virginia",2016,tot_above30,22907,count
51683,county,"Manassas city, Virginia",2016,tot_above30,4175,count
11001,county,District of Columbia,2017,tot_above30,96615,count
24017,county,"Charles County, Maryland",2017,tot_above30,17217,count
24021,county,"Frederick County, Maryland",2017,tot_above30,25123,count
24031,county,"Montgomery County, Maryland",2017,tot_above30,113738,count
51107,county,"Loudoun County, Virginia",2017,tot_above30,31362,count
51059,county,"Fairfax County, Virginia",2017,tot_above30,108906,count
51153,county,"Prince William County, Virginia",2017,tot_above30,42502,count
51610,county,"Falls Church city, Virginia",2017,tot_above30,1740,count
51685,county,"Manassas Park city, Virginia",2017,tot_above30,1677,count
51510,county,"Alexandria city, Virginia",2017,tot_above30,22493,count
51600,county,"Fairfax city, Virginia",2017,tot_above30,2446,count
51013,county,"Arlington County, Virginia",2017,tot_above30,28956,count
51683,county,"Manassas city, Virginia",2017,tot_above30,4342,count
24033,county,"Prince George's County, Maryland",2017,tot_above30,111910,count
11001,county,District of Columbia,2018,tot_above30,95784,count
24033,county,"Prince George's County, Maryland",2018,tot_above30,110232,count
24017,county,"Charles County, Maryland",2018,tot_above30,17589,count
24021,county,"Frederick County, Maryland",2018,tot_above30,24970,count
24031,county,"Montgomery County, Maryland",2018,tot_above30,111876,count
51107,county,"Loudoun County, Virginia",2018,tot_above30,31633,count
51059,county,"Fairfax County, Virginia",2018,tot_above30,108981,count
51153,county,"Prince William County, Virginia",2018,tot_above30,42269,count
51685,county,"Manassas Park city, Virginia",2018,tot_above30,1840,count
51610,county,"Falls Church city, Virginia",2018,tot_above30,1624,count
51510,county,"Alexandria city, Virginia",2018,tot_above30,22735,count
51013,county,"Arlington County, Virginia",2018,tot_above30,29669,count
51600,county,"Fairfax city, Virginia",2018,tot_above30,2550,count
51683,county,"Manassas city, Virginia",2018,tot_above30,4719,count
24021,county,"Frederick County, Maryland",2019,tot_above30,23419,count
51600,county,"Fairfax city, Virginia",2019,tot_above30,2283,count
11001,county,District of Columbia,2019,tot_above30,95947,count
51153,county,"Prince William County, Virginia",2019,tot_above30,42086,count
24033,county,"Prince George's County, Maryland",2019,tot_above30,109085,count
24017,county,"Charles County, Maryland",2019,tot_above30,16670,count
51059,county,"Fairfax County, Virginia",2019,tot_above30,108966,count
51107,county,"Loudoun County, Virginia",2019,tot_above30,30378,count
24031,county,"Montgomery County, Maryland",2019,tot_above30,110581,count
51510,county,"Alexandria city, Virginia",2019,tot_above30,22153,count
51610,county,"Falls Church city, Virginia",2019,tot_above30,1677,count
51013,county,"Arlington County, Virginia",2019,tot_above30,29998,count
51683,county,"Manassas city, Virginia",2019,tot_above30,4574,count
51685,county,"Manassas Park city, Virginia",2019,tot_above30,1701,count
11001,county,District of Columbia,2014,tot_units,242205,count
51107,county,"Loudoun County, Virginia",2014,tot_units,99950,count
24021,county,"Frederick County, Maryland",2014,tot_units,73594,count
24031,county,"Montgomery County, Maryland",2014,tot_units,306949,count
24033,county,"Prince George's County, Maryland",2014,tot_units,274089,count
51059,county,"Fairfax County, Virginia",2014,tot_units,340240,count
51153,county,"Prince William County, Virginia",2014,tot_units,121254,count
51013,county,"Arlington County, Virginia",2014,tot_units,87184,count
24017,county,"Charles County, Maryland",2014,tot_units,45652,count
51600,county,"Fairfax city, Virginia",2014,tot_units,7065,count
51610,county,"Falls Church city, Virginia",2014,tot_units,4461,count
51685,county,"Manassas Park city, Virginia",2014,tot_units,4118,count
51683,county,"Manassas city, Virginia",2014,tot_units,10769,count
51510,county,"Alexandria city, Virginia",2014,tot_units,60235,count
11001,county,District of Columbia,2015,tot_units,247663,count
24033,county,"Prince George's County, Maryland",2015,tot_units,274356,count
24017,county,"Charles County, Maryland",2015,tot_units,46307,count
24021,county,"Frederick County, Maryland",2015,tot_units,74268,count
24031,county,"Montgomery County, Maryland",2015,tot_units,308258,count
51107,county,"Loudoun County, Virginia",2015,tot_units,102412,count
51059,county,"Fairfax County, Virginia",2015,tot_units,338696,count
51610,county,"Falls Church city, Virginia",2015,tot_units,4685,count
51685,county,"Manassas Park city, Virginia",2015,tot_units,4310,count
51153,county,"Prince William County, Virginia",2015,tot_units,122496,count
51683,county,"Manassas city, Virginia",2015,tot_units,10961,count
51013,county,"Arlington County, Virginia",2015,tot_units,88780,count
51510,county,"Alexandria city, Virginia",2015,tot_units,61293,count
51600,county,"Fairfax city, Virginia",2015,tot_units,7052,count
11001,county,District of Columbia,2016,tot_units,250075,count
51107,county,"Loudoun County, Virginia",2016,tot_units,104719,count
51153,county,"Prince William County, Virginia",2016,tot_units,123109,count
51685,county,"Manassas Park city, Virginia",2016,tot_units,4361,count
24021,county,"Frederick County, Maryland",2016,tot_units,74627,count
24031,county,"Montgomery County, Maryland",2016,tot_units,309049,count
51610,county,"Falls Church city, Virginia",2016,tot_units,4703,count
24033,county,"Prince George's County, Maryland",2016,tot_units,274550,count
51059,county,"Fairfax County, Virginia",2016,tot_units,337693,count
24017,county,"Charles County, Maryland",2016,tot_units,46879,count
51013,county,"Arlington County, Virginia",2016,tot_units,90463,count
51600,county,"Fairfax city, Virginia",2016,tot_units,7018,count
51510,county,"Alexandria city, Virginia",2016,tot_units,62339,count
51683,county,"Manassas city, Virginia",2016,tot_units,10851,count
11001,county,District of Columbia,2017,tot_units,250205,count
24017,county,"Charles County, Maryland",2017,tot_units,47212,count
24021,county,"Frederick County, Maryland",2017,tot_units,74926,count
24031,county,"Montgomery County, Maryland",2017,tot_units,308237,count
51107,county,"Loudoun County, Virginia",2017,tot_units,107984,count
51059,county,"Fairfax County, Virginia",2017,tot_units,334404,count
51153,county,"Prince William County, Virginia",2017,tot_units,122961,count
51610,county,"Falls Church city, Virginia",2017,tot_units,4693,count
51685,county,"Manassas Park city, Virginia",2017,tot_units,4390,count
51510,county,"Alexandria city, Virginia",2017,tot_units,62658,count
51600,county,"Fairfax city, Virginia",2017,tot_units,7130,count
51013,county,"Arlington County, Virginia",2017,tot_units,91388,count
51683,county,"Manassas city, Virginia",2017,tot_units,10945,count
24033,county,"Prince George's County, Maryland",2017,tot_units,272916,count
11001,county,District of Columbia,2018,tot_units,252659,count
24033,county,"Prince George's County, Maryland",2018,tot_units,273699,count
24017,county,"Charles County, Maryland",2018,tot_units,48144,count
24021,county,"Frederick County, Maryland",2018,tot_units,75607,count
24031,county,"Montgomery County, Maryland",2018,tot_units,307136,count
51107,county,"Loudoun County, Virginia",2018,tot_units,110509,count
51059,county,"Fairfax County, Virginia",2018,tot_units,332903,count
51153,county,"Prince William County, Virginia",2018,tot_units,123535,count
51685,county,"Manassas Park city, Virginia",2018,tot_units,4357,count
51610,county,"Falls Church city, Virginia",2018,tot_units,4544,count
51510,county,"Alexandria city, Virginia",2018,tot_units,63635,count
51013,county,"Arlington County, Virginia",2018,tot_units,93519,count
51600,county,"Fairfax city, Virginia",2018,tot_units,7252,count
51683,county,"Manassas city, Virginia",2018,tot_units,11168,count
24021,county,"Frederick County, Maryland",2019,tot_units,76263,count
51600,county,"Fairfax city, Virginia",2019,tot_units,7258,count
11001,county,District of Columbia,2019,tot_units,255691,count
51153,county,"Prince William County, Virginia",2019,tot_units,124255,count
24033,county,"Prince George's County, Maryland",2019,tot_units,275171,count
24017,county,"Charles County, Maryland",2019,tot_units,48207,count
51059,county,"Fairfax County, Virginia",2019,tot_units,332178,count
51107,county,"Loudoun County, Virginia",2019,tot_units,112883,count
24031,county,"Montgomery County, Maryland",2019,tot_units,305879,count
51510,county,"Alexandria city, Virginia",2019,tot_units,63782,count
51610,county,"Falls Church city, Virginia",2019,tot_units,4687,count
51013,county,"Arlington County, Virginia",2019,tot_units,95519,count
51683,county,"Manassas city, Virginia",2019,tot_units,11200,count
51685,county,"Manassas Park city, Virginia",2019,tot_units,4202,count
11001,county,District of Columbia,2014,per_above30,40.8459775809748,percent
51107,county,"Loudoun County, Virginia",2014,per_above30,33.00350175087544,percent
24021,county,"Frederick County, Maryland",2014,per_above30,35.8004728646357,percent
24031,county,"Montgomery County, Maryland",2014,per_above30,39.26971581598246,percent
24033,county,"Prince George's County, Maryland",2014,per_above30,45.6333526701181,percent
51059,county,"Fairfax County, Virginia",2014,per_above30,33.52780390312721,percent
51153,county,"Prince William County, Virginia",2014,per_above30,35.82644696257443,percent
51013,county,"Arlington County, Virginia",2014,per_above30,33.14828408882364,percent
24017,county,"Charles County, Maryland",2014,per_above30,38.50433715937965,percent
51600,county,"Fairfax city, Virginia",2014,per_above30,37.14083510261854,percent
51610,county,"Falls Church city, Virginia",2014,per_above30,29.70186056937906,percent
51685,county,"Manassas Park city, Virginia",2014,per_above30,42.35065565808645,percent
51683,county,"Manassas city, Virginia",2014,per_above30,40.13371715108181,percent
51510,county,"Alexandria city, Virginia",2014,per_above30,36.59002241221881,percent
11001,county,District of Columbia,2015,per_above30,40.11822516887868,percent
24033,county,"Prince George's County, Maryland",2015,per_above30,43.90317689425418,percent
24017,county,"Charles County, Maryland",2015,per_above30,38.439112877102815,percent
24021,county,"Frederick County, Maryland",2015,per_above30,35.21705175849626,percent
24031,county,"Montgomery County, Maryland",2015,per_above30,38.261456312569344,percent
51107,county,"Loudoun County, Virginia",2015,per_above30,31.25610280045307,percent
51059,county,"Fairfax County, Virginia",2015,per_above30,32.88406122304367,percent
51610,county,"Falls Church city, Virginia",2015,per_above30,29.73319103521878,percent
51685,county,"Manassas Park city, Virginia",2015,per_above30,41.39211136890951,percent
51153,county,"Prince William County, Virginia",2015,per_above30,35.33666405433647,percent
51683,county,"Manassas city, Virginia",2015,per_above30,36.73934859958033,percent
51013,county,"Arlington County, Virginia",2015,per_above30,32.712322595179096,percent
51510,county,"Alexandria city, Virginia",2015,per_above30,36.062845675688905,percent
51600,county,"Fairfax city, Virginia",2015,per_above30,33.63584798638684,percent
11001,county,District of Columbia,2016,per_above30,39.54693591922423,percent
51107,county,"Loudoun County, Virginia",2016,per_above30,30.29727174629246,percent
51153,county,"Prince William County, Virginia",2016,per_above30,35.31585830442941,percent
51685,county,"Manassas Park city, Virginia",2016,per_above30,40.564090804861266,percent
24021,county,"Frederick County, Maryland",2016,per_above30,33.99975880043416,percent
24031,county,"Montgomery County, Maryland",2016,per_above30,37.51023300512217,percent
51610,county,"Falls Church city, Virginia",2016,per_above30,33.25536891345949,percent
24033,county,"Prince George's County, Maryland",2016,per_above30,42.419959934438175,percent
51059,county,"Fairfax County, Virginia",2016,per_above30,32.52451190874552,percent
24017,county,"Charles County, Maryland",2016,per_above30,37.77384329870518,percent
51013,county,"Arlington County, Virginia",2016,per_above30,32.517161712523354,percent
51600,county,"Fairfax city, Virginia",2016,per_above30,33.65631233969792,percent
51510,county,"Alexandria city, Virginia",2016,per_above30,36.74585732847816,percent
51683,county,"Manassas city, Virginia",2016,per_above30,38.47571652382269,percent
11001,county,District of Columbia,2017,per_above30,38.61433624427969,percent
24017,county,"Charles County, Maryland",2017,per_above30,36.467423536389056,percent
24021,county,"Frederick County, Maryland",2017,per_above30,33.53041667778875,percent
24031,county,"Montgomery County, Maryland",2017,per_above30,36.89952860947907,percent
51107,county,"Loudoun County, Virginia",2017,per_above30,29.04319158393836,percent
51059,county,"Fairfax County, Virginia",2017,per_above30,32.567194172318516,percent
51153,county,"Prince William County, Virginia",2017,per_above30,34.5654313156204,percent
51610,county,"Falls Church city, Virginia",2017,per_above30,37.07649691029192,percent
51685,county,"Manassas Park city, Virginia",2017,per_above30,38.20045558086561,percent
51510,county,"Alexandria city, Virginia",2017,per_above30,35.89804973028185,percent
51600,county,"Fairfax city, Virginia",2017,per_above30,34.305750350631136,percent
51013,county,"Arlington County, Virginia",2017,per_above30,31.68468507900381,percent
51683,county,"Manassas city, Virginia",2017,per_above30,39.671082686158066,percent
24033,county,"Prince George's County, Maryland",2017,per_above30,41.00529100529101,percent
11001,county,District of Columbia,2018,per_above30,37.91038514361254,percent
24033,county,"Prince George's County, Maryland",2018,per_above30,40.2749005294137,percent
24017,county,"Charles County, Maryland",2018,per_above30,36.53414755732802,percent
24021,county,"Frederick County, Maryland",2018,per_above30,33.02604256219662,percent
24031,county,"Montgomery County, Maryland",2018,per_above30,36.42555740779329,percent
51107,county,"Loudoun County, Virginia",2018,per_above30,28.624817888135805,percent
51059,county,"Fairfax County, Virginia",2018,per_above30,32.7365629027074,percent
51153,county,"Prince William County, Virginia",2018,per_above30,34.216214028413,percent
51685,county,"Manassas Park city, Virginia",2018,per_above30,42.230892816157905,percent
51610,county,"Falls Church city, Virginia",2018,per_above30,35.73943661971831,percent
51510,county,"Alexandria city, Virginia",2018,per_above30,35.72719415416044,percent
51013,county,"Arlington County, Virginia",2018,per_above30,31.725103989563618,percent
51600,county,"Fairfax city, Virginia",2018,per_above30,35.1627137341423,percent
51683,county,"Manassas city, Virginia",2018,per_above30,42.25465616045845,percent
24021,county,"Frederick County, Maryland",2019,per_above30,30.70820712534256,percent
51600,county,"Fairfax city, Virginia",2019,per_above30,31.454946266189033,percent
11001,county,District of Columbia,2019,per_above30,37.5245902280487,percent
51153,county,"Prince William County, Virginia",2019,per_above30,33.87066918836264,percent
24033,county,"Prince George's County, Maryland",2019,per_above30,39.6426222239989,percent
24017,county,"Charles County, Maryland",2019,per_above30,34.58004024311822,percent
51059,county,"Fairfax County, Virginia",2019,per_above30,32.80349692032585,percent
51107,county,"Loudoun County, Virginia",2019,per_above30,26.91104949372359,percent
24031,county,"Montgomery County, Maryland",2019,per_above30,36.15187704942151,percent
51510,county,"Alexandria city, Virginia",2019,per_above30,34.73236963406603,percent
51610,county,"Falls Church city, Virginia",2019,per_above30,35.77981651376147,percent
51013,county,"Arlington County, Virginia",2019,per_above30,31.405270155675836,percent
51683,county,"Manassas city, Virginia",2019,per_above30,40.839285714285715,percent
51685,county,"Manassas Park city, Virginia",2019,per_above30,40.48072346501666,percent
