CATEGORY,MEASURE,START_YEAR,END_YEAR,DC_block group,DC_county,DC_health district,DC_tract,MD_block group,MD_county,MD_health district,MD_tract,VA_ahec region,VA_block group,VA_civic association,VA_county,VA_health district,VA_human services region,VA_neighborhood,VA_planning district,VA_school district,VA_supervisor district,VA_tract,VA_zip code
broadband,perc_w_int_100_20_using_devices,2019.0,2021.0,X,X,,X,X,X,,X,,X,,X,X,,,,,,,
broadband,avg_up_using_devices,2019,2021,X,X,,X,X,X,,X,,X,,X,X,,,,,,,
broadband,devices,2019,2021,X,X,,X,X,X,,X,,X,,X,X,,,,,,,
broadband,perc_w_int_25_3_using_devices,2019.0,2021.0,X,X,,X,X,X,,X,,X,,X,X,,,,,,,
broadband,perc_total_100_20_using_devices,2019.0,2021.0,X,X,,X,X,X,,X,,X,,X,X,,,,,,,
broadband,perc_total_25_3_using_devices,2019.0,2021.0,X,X,,X,X,X,,X,,X,,X,X,,,,,,,
broadband,perc_hh_without_internet,2017,2019,X,X,,X,X,X,,X,,X,,X,X,,,,,,,
broadband,perc_hh_with_broadband,2017,2019,X,X,,X,X,X,,X,,X,,X,X,,,,,,,
broadband,perc_hh_without_compdev,2017,2019,X,X,,X,X,X,,X,,X,,X,X,,,,,,,
broadband,perc_hh_with_cable_fiber_dsl,2017,2019,,X,,,,X,,,,,,X,X,,,,,,,
broadband,perc_income_min_price_25,2021,2021,X,X,,X,X,X,,X,,X,,X,,,,,,,X,
broadband,perc_income_avg_nat_package,2021,2021,X,X,,X,X,X,,X,,X,,X,,,,,,,X,
broadband,perc_income_min_price_100,2021,2021,X,X,,X,X,X,,X,,X,,X,,,,,,,X,
health,hosp_pop_cnt,2015,2015,X,X,,X,X,X,,X,,X,,X,,,,,,,X,
health,hosp_cnt,2015,2015,X,X,,X,X,X,,X,,X,,X,,,,,,,X,
health,hosp_near_10_mean,2015,2015,X,X,,X,X,X,,X,,X,,X,,,,,,,X,
health,hosp_near_10_median,2015,2015,X,X,,X,X,X,,X,,X,,X,,,,,,,X,
health,hosp_2sfca,2015,2015,X,X,,X,X,X,,X,,X,,X,,,,,,,X,
health,hosp_e2sfca,2015,2015,X,X,,X,X,X,,X,,X,,X,,,,,,,X,
health,hosp_3sfca,2015,2015,X,X,,X,X,X,,X,,X,,X,,,,,,,X,
health,hosp_pop_cnt,2020,2020,X,X,,X,X,X,,X,,X,,X,,,,,,,X,
health,hosp_cnt,2020,2020,X,X,,X,X,X,,X,,X,,X,,,,,,,X,
health,hosp_near_10_mean,2020,2020,X,X,,X,X,X,,X,,X,,X,,,,,,,X,
health,hosp_near_10_median,2020,2020,X,X,,X,X,X,,X,,X,,X,,,,,,,X,
health,hosp_2sfca,2020,2020,X,X,,X,X,X,,X,,X,,X,,,,,,,X,
health,hosp_e2sfca,2020,2020,X,X,,X,X,X,,X,,X,,X,,,,,,,X,
health,hosp_3sfca,2020,2020,X,X,,X,X,X,,X,,X,,X,,,,,,,X,
health,hosp_pop_cnt,2021,2021,X,X,,X,X,X,,X,,X,X,X,X,,,,,,X,
health,hosp_cnt,2021,2021,X,X,,X,X,X,,X,,X,,X,,,,,,,X,
health,hosp_near_10_mean,2021,2021,X,X,,X,X,X,,X,,X,X,X,X,,,,,,X,
health,hosp_near_10_median,2021,2021,X,X,,X,X,X,,X,,X,X,X,X,,,,,,X,
health,hosp_2sfca,2021,2021,X,X,,X,X,X,,X,,X,X,X,X,,,,,,X,
health,hosp_e2sfca,2021,2021,X,X,,X,X,X,,X,,X,X,X,X,,,,,,X,
health,hosp_3sfca,2021,2021,X,X,,X,X,X,,X,,X,X,X,X,,,,,,X,
health,hosp_pop_cnt,2016,2016,X,X,,X,X,X,,X,,X,,X,,,,,,,X,
health,hosp_cnt,2016,2016,X,X,,X,X,X,,X,,X,,X,,,,,,,X,
health,hosp_near_10_mean,2016,2016,X,X,,X,X,X,,X,,X,,X,,,,,,,X,
health,hosp_near_10_median,2016,2016,X,X,,X,X,X,,X,,X,,X,,,,,,,X,
health,hosp_2sfca,2016,2016,X,X,,X,X,X,,X,,X,,X,,,,,,,X,
health,hosp_e2sfca,2016,2016,X,X,,X,X,X,,X,,X,,X,,,,,,,X,
health,hosp_3sfca,2016,2016,X,X,,X,X,X,,X,,X,,X,,,,,,,X,
health,hosp_pop_cnt,2019,2019,X,X,,X,X,X,,X,,X,,X,,,,,,,X,
health,hosp_cnt,2019,2019,X,X,,X,X,X,,X,,X,,X,,,,,,,X,
health,hosp_near_10_mean,2019,2019,X,X,,X,X,X,,X,,X,,X,,,,,,,X,
health,hosp_near_10_median,2019,2019,X,X,,X,X,X,,X,,X,,X,,,,,,,X,
health,hosp_2sfca,2019,2019,X,X,,X,X,X,,X,,X,,X,,,,,,,X,
health,hosp_e2sfca,2019,2019,X,X,,X,X,X,,X,,X,,X,,,,,,,X,
health,hosp_3sfca,2019,2019,X,X,,X,X,X,,X,,X,,X,,,,,,,X,
health,hosp_pop_cnt,2018,2018,X,X,,X,X,X,,X,,X,,X,,,,,,,X,
health,hosp_cnt,2018,2018,X,X,,X,X,X,,X,,X,,X,,,,,,,X,
health,hosp_near_10_mean,2018,2018,X,X,,X,X,X,,X,,X,,X,,,,,,,X,
health,hosp_near_10_median,2018,2018,X,X,,X,X,X,,X,,X,,X,,,,,,,X,
health,hosp_2sfca,2018,2018,X,X,,X,X,X,,X,,X,,X,,,,,,,X,
health,hosp_e2sfca,2018,2018,X,X,,X,X,X,,X,,X,,X,,,,,,,X,
health,hosp_3sfca,2018,2018,X,X,,X,X,X,,X,,X,,X,,,,,,,X,
health,hosp_pop_cnt,2017,2017,X,X,,X,X,X,,X,,X,,X,,,,,,,X,
health,hosp_cnt,2017,2017,X,X,,X,X,X,,X,,X,,X,,,,,,,X,
health,hosp_near_10_mean,2017,2017,X,X,,X,X,X,,X,,X,,X,,,,,,,X,
health,hosp_near_10_median,2017,2017,X,X,,X,X,X,,X,,X,,X,,,,,,,X,
health,hosp_2sfca,2017,2017,X,X,,X,X,X,,X,,X,,X,,,,,,,X,
health,hosp_e2sfca,2017,2017,X,X,,X,X,X,,X,,X,,X,,,,,,,X,
health,hosp_3sfca,2017,2017,X,X,,X,X,X,,X,,X,,X,,,,,,,X,
health,hosp_beds_cnt,2021,2021,,,,,,,,,,X,X,X,X,,,,,,X,
health,hosp_pop_cnt,2022,2022,X,X,,X,X,X,,X,,X,,X,,,,,,,X,
health,hosp_cnt,2022,2022,X,X,,X,X,X,,X,,X,,X,,,,,,,X,
health,hosp_near_10_mean,2022,2022,X,X,,X,X,X,,X,,X,,X,,,,,,,X,
health,hosp_near_10_median,2022,2022,X,X,,X,X,X,,X,,X,,X,,,,,,,X,
health,hosp_2sfca,2022,2022,X,X,,X,X,X,,X,,X,,X,,,,,,,X,
health,hosp_e2sfca,2022,2022,X,X,,X,X,X,,X,,X,,X,,,,,,,X,
health,hosp_3sfca,2022,2022,X,X,,X,X,X,,X,,X,,X,,,,,,,X,
health,dent_pop_cnt,2021,2021,,,,,,,,,,X,X,X,X,,,,,,X,
health,dent_cnt,2021,2021,,,,,,,,,,X,X,X,X,,,,,,X,
health,dent_near_10_mean,2021,2021,,,,,,,,,,X,X,X,X,,,,,,X,
health,dent_near_10_median,2021,2021,,,,,,,,,,X,X,X,X,,,,,,X,
health,dent_2sfca,2021,2021,,,,,,,,,,X,X,X,X,,,,,,X,
health,dent_e2sfca,2021,2021,,,,,,,,,,X,X,X,X,,,,,,X,
health,dent_3sfca,2021,2021,,,,,,,,,,X,X,X,X,,,,,,X,
health,degrees_awarded_undergraduate,2016,2019,,,,,,,,,X,,,X,X,,,,,,,
health,degrees_awarded_graduate,2016,2019,,,,,,,,,X,,,X,X,,,,,,,
health,degrees_awarded_first_professional,2016,2019,,,,,,,,,X,,,X,X,,,,,,,
health,degrees_awarded_two_year,2016,2019,,,,,,,,,X,,,X,X,,,,,,,
health,ems_pop_cnt,2021,2021,,,,,,,,,,X,X,X,X,,,,,,X,
health,ems_cnt,2021,2021,,,,,,,,,,X,X,X,X,,,,,,X,
health,ems_near_10_mean,2021,2021,,,,,,,,,,X,X,X,X,,,,,,X,
health,ems_near_10_median,2021,2021,,,,,,,,,,X,X,X,X,,,,,,X,
health,ems_2sfca,2021,2021,,,,,,,,,,X,X,X,X,,,,,,X,
health,ems_e2sfca,2021,2021,,,,,,,,,,X,X,X,X,,,,,,X,
health,ems_3sfca,2021,2021,,,,,,,,,,X,X,X,X,,,,,,X,
health,obgyn_pop_cnt,2021,2021,,,,,,,,,,X,X,X,X,,,,,,X,
health,obgyn_cnt,2021,2021,,,,,,,,,,X,X,X,X,,,,,,X,
health,obgyn_near_10_mean,2021,2021,,,,,,,,,,X,X,X,X,,,,,,X,
health,obgyn_near_10_median,2021,2021,,,,,,,,,,X,X,X,X,,,,,,X,
health,obgyn_2sfca,2021,2021,,,,,,,,,,X,X,X,X,,,,,,X,
health,obgyn_e2sfca,2021,2021,,,,,,,,,,X,X,X,X,,,,,,X,
health,obgyn_3sfca,2021,2021,,,,,,,,,,X,X,X,X,,,,,,X,
health,ped_pop_cnt,2021,2021,,,,,,,,,,X,X,X,X,,,,,,X,
health,ped_cnt,2021,2021,,,,,,,,,,X,X,X,X,,,,,,X,
health,ped_near_10_mean,2021,2021,,,,,,,,,,X,X,X,X,,,,,,X,
health,ped_near_10_median,2021,2021,,,,,,,,,,X,X,X,X,,,,,,X,
health,ped_2sfca,2021,2021,,,,,,,,,,X,X,X,X,,,,,,X,
health,ped_e2sfca,2021,2021,,,,,,,,,,X,X,X,X,,,,,,X,
health,ped_3sfca,2021,2021,,,,,,,,,,X,X,X,X,,,,,,X,
health,primcare_pop_cnt,2021,2021,,,,,,,,,,X,X,X,X,,,,,,X,
health,primcare_cnt,2021,2021,,,,,,,,,,X,X,X,X,,,,,,X,
health,primcare_near_10_mean,2021,2021,,,,,,,,,,X,X,X,X,,,,,,X,
health,primcare_near_10_median,2021,2021,,,,,,,,,,X,X,X,X,,,,,,X,
health,primcare_2sfca,2021,2021,,,,,,,,,,X,X,X,X,,,,,,X,
health,primcare_e2sfca,2021,2021,,,,,,,,,,X,X,X,X,,,,,,X,
health,primcare_3sfca,2021,2021,,,,,,,,,,X,X,X,X,,,,,,X,
health,perc_annual_checkup,2019,2019,,,,,,,,,,,,X,,,,,,,X,
health,perc_dental_visit,2019,2019,,,,,,,,,,,,X,,,,,,,X,
health,mental_pop_cnt,2021,2021,,,,,,,,,,X,X,X,X,,,,,,X,
health,mental_cnt,2021,2021,,,,,,,,,,X,X,X,X,,,,,,X,
health,mental_near_10_mean,2021,2021,,,,,,,,,,X,X,X,X,,,,,,X,
health,mental_near_10_median,2021,2021,,,,,,,,,,X,X,X,X,,,,,,X,
health,mental_2sfca,2021,2021,,,,,,,,,,X,X,X,X,,,,,,X,
health,mental_e2sfca,2021,2021,,,,,,,,,,X,X,X,X,,,,,,X,
health,mental_3sfca,2021,2021,,,,,,,,,,X,X,X,X,,,,,,X,
health,urgent_pop_cnt,2021,2021,,,,,,,,,,X,X,X,X,,,,,,X,
health,urgent_cnt,2021,2021,,,,,,,,,,X,X,X,X,,,,,,X,
health,urgent_near_10_mean,2021,2021,,,,,,,,,,X,X,X,X,,,,,,X,
health,urgent_near_10_median,2021,2021,,,,,,,,,,X,X,X,X,,,,,,X,
health,urgent_2sfca,2021,2021,,,,,,,,,,X,X,X,X,,,,,,X,
health,urgent_e2sfca,2021,2021,,,,,,,,,,X,X,X,X,,,,,,X,
health,urgent_3sfca,2021,2021,,,,,,,,,,X,X,X,X,,,,,,X,
health,urgent_pop_cnt,2022,2022,X,X,,X,X,X,,X,,X,,X,,,,,,,X,
health,urgent_cnt,2022,2022,X,X,,X,X,X,,X,,X,,X,,,,,,,X,
health,urgent_near_10_mean,2022,2022,X,X,,X,X,X,,X,,X,,X,,,,,,,X,
health,urgent_near_10_median,2022,2022,X,X,,X,X,X,,X,,X,,X,,,,,,,X,
health,urgent_2sfca,2022,2022,X,X,,X,X,X,,X,,X,,X,,,,,,,X,
health,urgent_e2sfca,2022,2022,X,X,,X,X,X,,X,,X,,X,,,,,,,X,
health,urgent_3sfca,2022,2022,X,X,,X,X,X,,X,,X,,X,,,,,,,X,
health,subs_pop_cnt,2021,2021,,,,,,,,,,X,X,X,X,,,,,,X,
health,subs_cnt,2021,2021,,,,,,,,,,X,X,X,X,,,,,,X,
health,subs_near_10_mean,2021,2021,,,,,,,,,,X,X,X,X,,,,,,X,
health,subs_near_10_median,2021,2021,,,,,,,,,,X,X,X,X,,,,,,X,
health,subs_2sfca,2021,2021,,,,,,,,,,X,X,X,X,,,,,,X,
health,subs_e2sfca,2021,2021,,,,,,,,,,X,X,X,X,,,,,,X,
health,subs_3sfca,2021,2021,,,,,,,,,,X,X,X,X,,,,,,X,
health,avg_monthly_rate,2015,2021,,,,,,,,,,,,X,X,,,,,,,
health,perc_post_hs_edu,2010,2019,,X,X,X,,X,X,X,,,,X,X,,,,,,X,
health,num_post_hs_edu,2010,2019,,X,X,X,,X,X,X,,,,X,X,,,,,,X,
health,health_literacy_estimate,2019,2019,,,,,,,,,,,,X,X,,,,,,X,
health,perc_post_hs_edu,2019,2019,,,X,,,,X,,,,,X,X,,,,,,X,
health,num_post_hs_edu,2019,2019,,,X,,,,X,,,,,X,X,,,,,,X,
health,inadequate,2014,2020,,,,,,,,,,,,X,,,,,,,,
health,intermediate,2014,2020,,,,,,,,,,,,X,,,,,,,,
health,adequate,2014,2020,,,,,,,,,,,,X,,,,,,,,
health,adequateplus,2014,2020,,,,,,,,,,,,X,,,,,,,,
health,total,2014,2020,,,,,,,,,,,,X,,,,,,,,
health,inadequate_pc,2014,2020,,,,,,,,,,,,X,,,,,,,,
health,intermediate_pc,2014,2020,,,,,,,,,,,,X,,,,,,,,
health,adequate_pc,2014,2020,,,,,,,,,,,,X,,,,,,,,
health,adequateplus_pc,2014,2020,,,,,,,,,,,,X,,,,,,,,
health,community_environment_indicator,2017,2017,,,,,,,,,,,,,,,,,,,X,
health,air_quality_indicator,2017,2017,,,,,,,,,,,,,,,,,,,X,
health,access_care_indicator,2017,2017,,,,,,,,,,,,,,,,,,,X,
health,consumer_opportunity_indicator,2017,2017,,,,,,,,,,,,,,,,,,,X,
health,affordability_indicator,2017,2017,,,,,,,,,,,,,,,,,,,X,
health,prevent_hosp_rate,2015,2021,,,,,,,,,,,,X,,,,,,,,
health,no_hlth_ins_pct,2015,2019,X,X,,X,X,X,,X,,X,,X,X,,,,,,X,
health,hlth_ins_pct,2015,2019,X,X,,X,X,X,,X,,X,,X,X,,,,,,X,
health,perc_poor_phys_hlth_days_14_and_over,2015,2019,,X,X,X,,X,X,X,,,,X,X,,,,,,X,
health,perc_poor_ment_hlth_days_14_and_over,2015,2019,,X,X,X,,X,X,X,,,,X,X,,,,,,X,
education,mean_read_pass_rate,2019,2021,,,,,,,,,,,,X,X,,,,X,,,
education,median_read_pass_rate,2019,2021,,,,,,,,,,,,X,X,,,,X,,,
education,schools_2year_min_drivetime,2013,2021,X,X,,X,X,X,,X,,X,,X,X,,,,,,,
education,schools_under2year_min_drivetime,2013,2021,X,X,,X,X,X,,X,,X,,X,X,,,,,,,
education,schools_2year_per_100k,2013,2021,X,X,,X,X,X,,X,,X,,X,X,,,,,,,
education,schools_under2year_per_100k,2013,2021,X,X,,X,X,X,,X,,X,,X,X,,,,,,,
education,schools_2year_with_biomedical_program_per_100k,2013,2021,X,X,,X,X,X,,X,,X,,X,X,,,,,,,
education,schools_2year_with_computer_program_per_100k,2013,2021,X,X,,X,X,X,,X,,X,,X,X,,,,,,,
education,schools_2year_with_engineering_program_per_100k,2013,2021,X,X,,X,X,X,,X,,X,,X,X,,,,,,,
education,schools_2year_with_physical_program_per_100k,2013,2021,X,X,,X,X,X,,X,,X,,X,X,,,,,,,
education,schools_2year_with_science_program_per_100k,2013,2021,X,X,,X,X,X,,X,,X,,X,X,,,,,,,
education,acs_postsecondary_count,2010,2021,,X,X,X,,X,X,X,,,,X,X,,,,,,X,
education,acs_postsecondary_percent,2010,2021,,X,X,X,,X,X,X,,,,X,X,,,,,,X,
education,daycare_min_drivetime,2021,2021,,,,,,,,,,X,,X,X,,,,,,X,
education,daycare_capacity,2021,2021,,,,,,,,,,X,,X,X,,,,,,X,
education,daycare_per_1k,2021,2021,,,,,,,,,,X,,X,X,,,,,,X,
education,daycare_over_4_per_1k,2021,2021,,,,,,,,,,X,,X,X,,,,,,X,
education,daycare_under_10_per_1k,2021,2021,,,,,,,,,,X,,X,X,,,,,,X,
demographics,female,2021,2021,,,,,,,,,,,X,,,,,,,,,
demographics,male,2021,2021,,,,,,,,,,,X,,,,,,,,,
demographics,total_pop,2021,2021,,,,,,,,,,,X,,,,,,,,,
demographics,perc_male,2021,2021,,,,,,,,,,,X,,,,,,,,,
demographics,perc_female,2021,2021,,,,,,,,,,,X,,,,,,,,,
demographics,female,2022,2022,,,,,,,,,,,,,,X,,X,,X,,X
demographics,male,2022,2022,,,,,,,,,,,,,,X,,X,,X,,X
demographics,total_pop,2022,2022,,,,,,,,,,,,,,X,,X,,X,,X
demographics,perc_male,2022,2022,,,,,,,,,,,,,,X,,X,,X,,X
demographics,perc_female,2022,2022,,,,,,,,,,,,,,X,,X,,X,,X
demographics,perc_male,2010,2020,,X,,X,,X,,X,,,,X,,,,,,,X,
demographics,perc_female,2010,2020,,X,,X,,X,,X,,,,X,,,,,,,X,
demographics,total_pop,2010,2020,,X,,X,,X,,X,,,,X,,,,,,,X,
demographics,female,2010,2020,,X,,X,,X,,X,,,,X,,,,,,,X,
demographics,male,2010,2020,,X,,X,,X,,X,,,,X,,,,,,,X,
demographics,total_pop,2009,2020,,,,,,,,,,,,X,,,,,,,X,
demographics,male,2009,2020,,,,,,,,,,,,X,,,,,,,X,
demographics,female,2009,2020,,,,,,,,,,,,X,,,,,,,X,
demographics,perc_male,2009,2020,,,,,,,,,,,,X,,,,,,,X,
demographics,perc_female,2009,2020,,,,,,,,,,,,X,,,,,,,X,
demographics,pop_20_64,2021,2021,,,,,,,,,,,X,,,,,,,,,
demographics,pop_65_plus,2021,2021,,,,,,,,,,,X,,,,,,,,,
demographics,pop_under_20,2021,2021,,,,,,,,,,,X,,,,,,,,,
demographics,perc_pop_under_20,2021,2021,,,,,,,,,,,X,,,,,,,,,
demographics,perc_pop_20_64,2021,2021,,,,,,,,,,,X,,,,,,,,,
demographics,perc_pop_65_plus,2021,2021,,,,,,,,,,,X,,,,,,,,,
demographics,perc_pop_20_64,2010,2020,,X,,X,,X,,X,,,,X,,,,,,,X,
demographics,perc_pop_under_20,2010,2020,,X,,X,,X,,X,,,,X,,,,,,,X,
demographics,perc_pop_65_plus,2010,2020,,X,,X,,X,,X,,,,X,,,,,,,X,
demographics,pop_20_64,2010,2020,,X,,X,,X,,X,,,,X,,,,,,,X,
demographics,pop_65_plus,2010,2020,,X,,X,,X,,X,,,,X,,,,,,,X,
demographics,pop_under_20,2010,2020,,X,,X,,X,,X,,,,X,,,,,,,X,
demographics,pop_under_20,2009,2020,,,,,,,,,,,,X,,,,,,,X,
demographics,pop_20_64,2009,2020,,,,,,,,,,,,X,,,,,,,X,
demographics,pop_65_plus,2009,2020,,,,,,,,,,,,X,,,,,,,X,
demographics,perc_pop_under_20,2009,2020,,,,,,,,,,,,X,,,,,,,X,
demographics,perc_pop_20_64,2009,2020,,,,,,,,,,,,X,,,,,,,X,
demographics,perc_pop_65_plus,2009,2020,,,,,,,,,,,,X,,,,,,,X,
demographics,pop_20_64,2022,2022,,,,,,,,,,,,,,X,,X,,X,,X
demographics,pop_65_plus,2022,2022,,,,,,,,,,,,,,X,,X,,X,,X
demographics,pop_under_20,2022,2022,,,,,,,,,,,,,,X,,X,,X,,X
demographics,perc_pop_under_20,2022,2022,,,,,,,,,,,,,,X,,X,,X,,X
demographics,perc_pop_20_64,2022,2022,,,,,,,,,,,,,,X,,X,,X,,X
demographics,perc_pop_65_plus,2022,2022,,,,,,,,,,,,,,X,,X,,X,,X
demographics,afr_amer_alone,2021,2021,,,,,,,,,,,X,,,,,,,,,
demographics,amr_ind_alone,2021,2021,,,,,,,,,,,X,,,,,,,,,
demographics,asian_alone,2021,2021,,,,,,,,,,,X,,,,,,,,,
demographics,hispanic,2021,2021,,,,,,,,,,,X,,,,,,,,,
demographics,wht_alone,2021,2021,,,,,,,,,,,X,,,,,,,,,
demographics,perc_wht_alone,2021,2021,,,,,,,,,,,X,,,,,,,,,
demographics,perc_afr_amer_alone,2021,2021,,,,,,,,,,,X,,,,,,,,,
demographics,perc_amr_ind_alone,2021,2021,,,,,,,,,,,X,,,,,,,,,
demographics,perc_asian_alone,2021,2021,,,,,,,,,,,X,,,,,,,,,
demographics,perc_hispanic,2021,2021,,,,,,,,,,,X,,,,,,,,,
demographics,afr_amer_alone,2022,2022,,,,,,,,,,,,,,X,,X,,X,,X
demographics,amr_ind_alone,2022,2022,,,,,,,,,,,,,,X,,X,,X,,X
demographics,asian_alone,2022,2022,,,,,,,,,,,,,,X,,X,,X,,X
demographics,hispanic,2022,2022,,,,,,,,,,,,,,X,,X,,X,,X
demographics,wht_alone,2022,2022,,,,,,,,,,,,,,X,,X,,X,,X
demographics,perc_wht_alone,2022,2022,,,,,,,,,,,,,,X,,X,,X,,X
demographics,perc_afr_amer_alone,2022,2022,,,,,,,,,,,,,,X,,X,,X,,X
demographics,perc_amr_ind_alone,2022,2022,,,,,,,,,,,,,,X,,X,,X,,X
demographics,perc_asian_alone,2022,2022,,,,,,,,,,,,,,X,,X,,X,,X
demographics,perc_hispanic,2022,2022,,,,,,,,,,,,,,X,,X,,X,,X
demographics,perc_amr_ind_alone,2010,2020,,X,,X,,X,,X,,,,X,,,,,,,X,
demographics,perc_afr_amer_alone,2010,2020,,X,,X,,X,,X,,,,X,,,,,,,X,
demographics,perc_wht_alone,2010,2020,,X,,X,,X,,X,,,,X,,,,,,,X,
demographics,hispanic,2010,2020,,X,,X,,X,,X,,,,X,,,,,,,X,
demographics,wht_alone,2010,2020,,X,,X,,X,,X,,,,X,,,,,,,X,
demographics,perc_asian_alone,2010,2020,,X,,X,,X,,X,,,,X,,,,,,,X,
demographics,afr_amer_alone,2010,2020,,X,,X,,X,,X,,,,X,,,,,,,X,
demographics,asian_alone,2010,2020,,X,,X,,X,,X,,,,X,,,,,,,X,
demographics,perc_hispanic,2010,2020,,X,,X,,X,,X,,,,X,,,,,,,X,
demographics,amr_ind_alone,2010,2020,,X,,X,,X,,X,,,,X,,,,,,,X,
demographics,wht_alone,2009,2020,,,,,,,,,,,,X,,,,,,,X,
demographics,afr_amer_alone,2009,2020,,,,,,,,,,,,X,,,,,,,X,
demographics,amr_ind_alone,2009,2020,,,,,,,,,,,,X,,,,,,,X,
demographics,asian_alone,2009,2020,,,,,,,,,,,,X,,,,,,,X,
demographics,hispanic,2009,2020,,,,,,,,,,,,X,,,,,,,X,
demographics,perc_wht_alone,2009,2020,,,,,,,,,,,,X,,,,,,,X,
demographics,perc_afr_amer_alone,2009,2020,,,,,,,,,,,,X,,,,,,,X,
demographics,perc_amr_ind_alone,2009,2020,,,,,,,,,,,,X,,,,,,,X,
demographics,perc_asian_alone,2009,2020,,,,,,,,,,,,X,,,,,,,X,
demographics,perc_hispanic,2009,2020,,,,,,,,,,,,X,,,,,,,X,
food,number_food_insecure,2014,2020,,,,,,,,,,,,,,,,,,,,
food,percent_food_insecure,2014,2020,,,,,,,,,,,,,,,,,,,,
food,weighted_budget_shortfall,2014,2019,,X,,,,X,,,,,,X,X,,,,,,,
food,Num_Child_Food_Insecure,2014,2019,,X,,,,X,,,,,,X,X,,,,,,,
food,Child_Food_Insecurity_Rate,2014,2019,,X,,,,X,,,,,,X,X,,,,,,,
food,Cost_Per_Meal,2014,2019,,X,,,,X,,,,,,X,X,,,,,,,
food,food_sec_hh,2022,2022,,,,,,,,,,,,,,,,,,,X,
food,tot_hh,2022,2022,,,,,,,,,,,,,,,,,,,X,
food,at_risk_pc,2022,2022,,,,,,,,,,,,,,,,,,,X,
food,insecure_pc,2022,2022,,,,,,,,,,,,,,,,,,,X,
food,secure_pc,2022,2022,,,,,,,,,,,,,,,,,,,X,
food,median_income,2022,2022,,,,,,,,,,,,,,,,,,,X,
food,moe_median_income,2022,2022,,,,,,,,,,,,,,,,,,,X,
food,avocado_idx,2021,2021,,,,,,,,,,X,,,,,X,,,,,
food,avocado_norm_idx,2021,2021,,,,,,,,,,X,,,,,X,,,,,
food,avocado_ecdf_idx,2021,2021,,,,,,,,,,X,,,,,X,,,,,
food,beets_idx,2021,2021,,,,,,,,,,X,,,,,X,,,,,
food,beets_norm_idx,2021,2021,,,,,,,,,,X,,,,,X,,,,,
food,beets_ecdf_idx,2021,2021,,,,,,,,,,X,,,,,X,,,,,
food,blackbeans_idx,2021,2021,,,,,,,,,,X,,,,,X,,,,,
food,blackbeans_norm_idx,2021,2021,,,,,,,,,,X,,,,,X,,,,,
food,blackbeans_ecdf_idx,2021,2021,,,,,,,,,,X,,,,,X,,,,,
food,cheese_idx,2021,2021,,,,,,,,,,X,,,,,X,,,,,
food,cheese_norm_idx,2021,2021,,,,,,,,,,X,,,,,X,,,,,
food,cheese_ecdf_idx,2021,2021,,,,,,,,,,X,,,,,X,,,,,
food,corntortillas_idx,2021,2021,,,,,,,,,,X,,,,,X,,,,,
food,corntortillas_norm_idx,2021,2021,,,,,,,,,,X,,,,,X,,,,,
food,corntortillas_ecdf_idx,2021,2021,,,,,,,,,,X,,,,,X,,,,,
food,crackers_idx,2021,2021,,,,,,,,,,X,,,,,X,,,,,
food,crackers_norm_idx,2021,2021,,,,,,,,,,X,,,,,X,,,,,
food,crackers_ecdf_idx,2021,2021,,,,,,,,,,X,,,,,X,,,,,
food,greenchiles_idx,2021,2021,,,,,,,,,,X,,,,,X,,,,,
food,greenchiles_norm_idx,2021,2021,,,,,,,,,,X,,,,,X,,,,,
food,greenchiles_ecdf_idx,2021,2021,,,,,,,,,,X,,,,,X,,,,,
food,jalapenos_idx,2021,2021,,,,,,,,,,X,,,,,X,,,,,
food,jalapenos_norm_idx,2021,2021,,,,,,,,,,X,,,,,X,,,,,
food,jalapenos_ecdf_idx,2021,2021,,,,,,,,,,X,,,,,X,,,,,
food,legumes_idx,2021,2021,,,,,,,,,,X,,,,,X,,,,,
food,legumes_norm_idx,2021,2021,,,,,,,,,,X,,,,,X,,,,,
food,legumes_ecdf_idx,2021,2021,,,,,,,,,,X,,,,,X,,,,,
food,masa_idx,2021,2021,,,,,,,,,,X,,,,,X,,,,,
food,masa_norm_idx,2021,2021,,,,,,,,,,X,,,,,X,,,,,
food,masa_ecdf_idx,2021,2021,,,,,,,,,,X,,,,,X,,,,,
food,mixedfruit_idx,2021,2021,,,,,,,,,,X,,,,,X,,,,,
food,mixedfruit_norm_idx,2021,2021,,,,,,,,,,X,,,,,X,,,,,
food,mixedfruit_ecdf_idx,2021,2021,,,,,,,,,,X,,,,,X,,,,,
food,nopalitos_idx,2021,2021,,,,,,,,,,X,,,,,X,,,,,
food,nopalitos_norm_idx,2021,2021,,,,,,,,,,X,,,,,X,,,,,
food,nopalitos_ecdf_idx,2021,2021,,,,,,,,,,X,,,,,X,,,,,
food,peppers_idx,2021,2021,,,,,,,,,,X,,,,,X,,,,,
food,peppers_norm_idx,2021,2021,,,,,,,,,,X,,,,,X,,,,,
food,peppers_ecdf_idx,2021,2021,,,,,,,,,,X,,,,,X,,,,,
food,pintobeans_idx,2021,2021,,,,,,,,,,X,,,,,X,,,,,
food,pintobeans_norm_idx,2021,2021,,,,,,,,,,X,,,,,X,,,,,
food,pintobeans_ecdf_idx,2021,2021,,,,,,,,,,X,,,,,X,,,,,
food,rice_idx,2021,2021,,,,,,,,,,X,,,,,X,,,,,
food,rice_norm_idx,2021,2021,,,,,,,,,,X,,,,,X,,,,,
food,rice_ecdf_idx,2021,2021,,,,,,,,,,X,,,,,X,,,,,
food,salsa_idx,2021,2021,,,,,,,,,,X,,,,,X,,,,,
food,salsa_norm_idx,2021,2021,,,,,,,,,,X,,,,,X,,,,,
food,salsa_ecdf_idx,2021,2021,,,,,,,,,,X,,,,,X,,,,,
food,squash_idx,2021,2021,,,,,,,,,,X,,,,,X,,,,,
food,squash_norm_idx,2021,2021,,,,,,,,,,X,,,,,X,,,,,
food,squash_ecdf_idx,2021,2021,,,,,,,,,,X,,,,,X,,,,,
food,tomatillos_idx,2021,2021,,,,,,,,,,X,,,,,X,,,,,
food,tomatillos_norm_idx,2021,2021,,,,,,,,,,X,,,,,X,,,,,
food,tomatillos_ecdf_idx,2021,2021,,,,,,,,,,X,,,,,X,,,,,
food,tomatoes_idx,2021,2021,,,,,,,,,,X,,,,,X,,,,,
food,tomatoes_norm_idx,2021,2021,,,,,,,,,,X,,,,,X,,,,,
food,tomatoes_ecdf_idx,2021,2021,,,,,,,,,,X,,,,,X,,,,,
food,all_idx,2021,2021,,,,,,,,,,X,,,,,X,,,,,
food,all_norm_idx,2021,2021,,,,,,,,,,X,,,,,X,,,,,
food,all_ecdf_idx,2021,2021,,,,,,,,,,X,,,,,X,,,,,
food,barley_idx,2021,2021,,,,,,,,,,X,,,,,X,,,,,
food,barley_norm_idx,2021,2021,,,,,,,,,,X,,,,,X,,,,,
food,barley_ecdf_idx,2021,2021,,,,,,,,,,X,,,,,X,,,,,
food,currypowder_idx,2021,2021,,,,,,,,,,X,,,,,X,,,,,
food,currypowder_norm_idx,2021,2021,,,,,,,,,,X,,,,,X,,,,,
food,currypowder_ecdf_idx,2021,2021,,,,,,,,,,X,,,,,X,,,,,
food,blackeyepeas_idx,2021,2021,,,,,,,,,,X,,,,,X,,,,,
food,blackeyepeas_norm_idx,2021,2021,,,,,,,,,,X,,,,,X,,,,,
food,blackeyepeas_ecdf_idx,2021,2021,,,,,,,,,,X,,,,,X,,,,,
food,driedbeans_idx,2021,2021,,,,,,,,,,X,,,,,X,,,,,
food,driedbeans_norm_idx,2021,2021,,,,,,,,,,X,,,,,X,,,,,
food,driedbeans_ecdf_idx,2021,2021,,,,,,,,,,X,,,,,X,,,,,
food,drieddates_idx,2021,2021,,,,,,,,,,X,,,,,X,,,,,
food,drieddates_norm_idx,2021,2021,,,,,,,,,,X,,,,,X,,,,,
food,drieddates_ecdf_idx,2021,2021,,,,,,,,,,X,,,,,X,,,,,
food,favabeans_idx,2021,2021,,,,,,,,,,X,,,,,X,,,,,
food,favabeans_norm_idx,2021,2021,,,,,,,,,,X,,,,,X,,,,,
food,favabeans_ecdf_idx,2021,2021,,,,,,,,,,X,,,,,X,,,,,
food,garbanzo_idx,2021,2021,,,,,,,,,,X,,,,,X,,,,,
food,garbanzo_norm_idx,2021,2021,,,,,,,,,,X,,,,,X,,,,,
food,garbanzo_ecdf_idx,2021,2021,,,,,,,,,,X,,,,,X,,,,,
food,lentils_idx,2021,2021,,,,,,,,,,X,,,,,X,,,,,
food,lentils_norm_idx,2021,2021,,,,,,,,,,X,,,,,X,,,,,
food,lentils_ecdf_idx,2021,2021,,,,,,,,,,X,,,,,X,,,,,
food,basmati_idx,2021,2021,,,,,,,,,,X,,,,,X,,,,,
food,basmati_norm_idx,2021,2021,,,,,,,,,,X,,,,,X,,,,,
food,basmati_ecdf_idx,2021,2021,,,,,,,,,,X,,,,,X,,,,,
food,pasta_idx,2021,2021,,,,,,,,,,X,,,,,X,,,,,
food,pasta_norm_idx,2021,2021,,,,,,,,,,X,,,,,X,,,,,
food,pasta_ecdf_idx,2021,2021,,,,,,,,,,X,,,,,X,,,,,
food,teff_idx,2021,2021,,,,,,,,,,X,,,,,X,,,,,
food,teff_norm_idx,2021,2021,,,,,,,,,,X,,,,,X,,,,,
food,teff_ecdf_idx,2021,2021,,,,,,,,,,X,,,,,X,,,,,
food,tomatosauce_idx,2021,2021,,,,,,,,,,X,,,,,X,,,,,
food,tomatosauce_norm_idx,2021,2021,,,,,,,,,,X,,,,,X,,,,,
food,tomatosauce_ecdf_idx,2021,2021,,,,,,,,,,X,,,,,X,,,,,
food,tuna_idx,2021,2021,,,,,,,,,,X,,,,,X,,,,,
food,tuna_norm_idx,2021,2021,,,,,,,,,,X,,,,,X,,,,,
food,tuna_ecdf_idx,2021,2021,,,,,,,,,,X,,,,,X,,,,,
food,median_drive_time_top5,2021,2021,,,,,,,,,,,,X,,,,,,,X,
food,mean_drive_time_top5,2021,2021,,,,,,,,,,,,X,,,,,,,X,
food,median_drive_time_top10,2021,2021,,,,,,,,,,,,X,,,,,,,X,
food,mean_drive_time_top10,2021,2021,,,,,,,,,,,,X,,,,,,,X,
food,mrfei,2021,2021,,,,,,,,,,,,,,,X,,,,X,
food,hh_received_snap_cnt,2013,2020,X,X,,X,X,X,,X,,X,,X,X,,,,,,X,
food,hh_received_snap_pct,2013,2020,X,X,,X,X,X,,X,,X,,X,X,,,,,,X,
food,population,2013,2020,X,X,,X,X,X,,X,,X,,X,X,,,,,,X,
financial_well_being,numerator,2015,2019,,,,,,,,,,,,,,,,,,,X,
financial_well_being,denominator,2015,2019,,,,,,,,,,,,,,,,,,,X,
financial_well_being,emp_rate,2015,2019,,,,,,,,,,,,,,,,,,,X,
financial_well_being,tot_compensation,2015,2020,,,,,,,,,,,,X,,,,,,,,
financial_well_being,tot_employment,2015,2020,,,,,,,,,,,,X,,,,,,,,
financial_well_being,earnings_per_job,2015,2020,,,,,,,,,,,,X,,,,,,,,
financial_well_being,median_household_income,2015,2019,X,X,,X,X,X,,X,,X,,X,,,,,,,X,
housing,eviction-filings,2000,2016,X,X,,X,X,X,,X,,X,,X,,,,,,,X,
housing,evictions,2000,2016,X,X,,X,X,X,,X,,X,,X,,,,,,,X,
transportation,perc_no_vehicle,2016,2020,,X,,X,,X,,X,,,,X,,,,,,,X,
transportation,commute_time,2016,2020,,X,,X,,X,,X,,,,X,,,,,,,X,
transportation,perc_carpool,2016,2020,,X,,X,,X,,X,,,,X,,,,,,,X,
business_climate,Accommodation_and_Food_Services_numb_companies,2010,2020,,,,,,,,,,X,,X,,,,,,,,
business_climate,Accommodation_and_Food_Services_numb_minorityowned_companies,2010,2020,,,,,,,,,,X,,X,,,,,,,,
business_climate,Accommodation_and_Food_Services_emp_industry,2010,2020,,,,,,,,,,X,,X,,,,,,,,
business_climate,Accommodation_and_Food_Services_emp_minority,2010,2020,,,,,,,,,,X,,X,,,,,,,,
business_climate,Accommodation_and_Food_Services_pct_soloproprietor_companies,2010,2020,,,,,,,,,,X,,X,,,,,,,,
business_climate,Accommodation_and_Food_Services_pct_minorityowned_companies,2010,2020,,,,,,,,,,X,,X,,,,,,,,
business_climate,Accommodation_and_Food_Services_emp_share_industry,2010,2020,,,,,,,,,,X,,X,,,,,,,,
business_climate,Accommodation_and_Food_Services_emp_share_minority,2010,2020,,,,,,,,,,X,,X,,,,,,,,
business_climate,Accommodation_and_Food_Services_average_emp_per_minority,2010,2020,,,,,,,,,,X,,X,,,,,,,,
business_climate,Accommodation_and_Food_Services_HHI_all,2010,2020,,,,,,,,,,X,,X,,,,,,,,
business_climate,Accommodation_and_Food_Services_HHI_minority,2010,2020,,,,,,,,,,X,,X,,,,,,,,
business_climate,Administrative_and_Support_and_Waste_Management_and_Remediation_Services_numb_companies,2010,2020,,,,,,,,,,X,,X,,,,,,,,
business_climate,Administrative_and_Support_and_Waste_Management_and_Remediation_Services_numb_minorityowned_companies,2010,2020,,,,,,,,,,X,,X,,,,,,,,
business_climate,Administrative_and_Support_and_Waste_Management_and_Remediation_Services_emp_industry,2010,2020,,,,,,,,,,X,,X,,,,,,,,
business_climate,Administrative_and_Support_and_Waste_Management_and_Remediation_Services_emp_minority,2010,2020,,,,,,,,,,X,,X,,,,,,,,
business_climate,Administrative_and_Support_and_Waste_Management_and_Remediation_Services_pct_soloproprietor_companies,2010,2020,,,,,,,,,,X,,X,,,,,,,,
business_climate,Administrative_and_Support_and_Waste_Management_and_Remediation_Services_pct_minorityowned_companies,2010,2020,,,,,,,,,,X,,X,,,,,,,,
business_climate,Administrative_and_Support_and_Waste_Management_and_Remediation_Services_emp_share_industry,2010,2020,,,,,,,,,,X,,X,,,,,,,,
business_climate,Administrative_and_Support_and_Waste_Management_and_Remediation_Services_emp_share_minority,2010,2020,,,,,,,,,,X,,X,,,,,,,,
business_climate,Administrative_and_Support_and_Waste_Management_and_Remediation_Services_average_emp_per_minority,2010,2020,,,,,,,,,,X,,X,,,,,,,,
business_climate,Administrative_and_Support_and_Waste_Management_and_Remediation_Services_HHI_all,2010,2020,,,,,,,,,,X,,X,,,,,,,,
business_climate,Administrative_and_Support_and_Waste_Management_and_Remediation_Services_HHI_minority,2010,2020,,,,,,,,,,X,,X,,,,,,,,
business_climate,"Agriculture,_Forestry,_Fishing_and_Hunting_numb_companies",2010,2020,,,,,,,,,,X,,X,,,,,,,,
business_climate,"Agriculture,_Forestry,_Fishing_and_Hunting_numb_minorityowned_companies",2010,2020,,,,,,,,,,X,,X,,,,,,,,
business_climate,"Agriculture,_Forestry,_Fishing_and_Hunting_emp_industry",2010,2020,,,,,,,,,,X,,X,,,,,,,,
business_climate,"Agriculture,_Forestry,_Fishing_and_Hunting_emp_minority",2010,2020,,,,,,,,,,X,,X,,,,,,,,
business_climate,"Agriculture,_Forestry,_Fishing_and_Hunting_pct_soloproprietor_companies",2010,2020,,,,,,,,,,X,,X,,,,,,,,
business_climate,"Agriculture,_Forestry,_Fishing_and_Hunting_pct_minorityowned_companies",2010,2020,,,,,,,,,,X,,X,,,,,,,,
business_climate,"Agriculture,_Forestry,_Fishing_and_Hunting_emp_share_industry",2010,2020,,,,,,,,,,X,,X,,,,,,,,
business_climate,"Agriculture,_Forestry,_Fishing_and_Hunting_emp_share_minority",2010,2020,,,,,,,,,,X,,X,,,,,,,,
business_climate,"Agriculture,_Forestry,_Fishing_and_Hunting_average_emp_per_minority",2010,2020,,,,,,,,,,X,,X,,,,,,,,
business_climate,"Agriculture,_Forestry,_Fishing_and_Hunting_HHI_all",2010,2020,,,,,,,,,,X,,X,,,,,,,,
business_climate,"Agriculture,_Forestry,_Fishing_and_Hunting_HHI_minority",2010,2020,,,,,,,,,,X,,X,,,,,,,,
business_climate,"Arts,_Entertainment,_and_Recreation_numb_companies",2010,2020,,,,,,,,,,X,,X,,,,,,,,
business_climate,"Arts,_Entertainment,_and_Recreation_numb_minorityowned_companies",2010,2020,,,,,,,,,,X,,X,,,,,,,,
business_climate,"Arts,_Entertainment,_and_Recreation_emp_industry",2010,2020,,,,,,,,,,X,,X,,,,,,,,
business_climate,"Arts,_Entertainment,_and_Recreation_emp_minority",2010,2020,,,,,,,,,,X,,X,,,,,,,,
business_climate,"Arts,_Entertainment,_and_Recreation_pct_soloproprietor_companies",2010,2020,,,,,,,,,,X,,X,,,,,,,,
business_climate,"Arts,_Entertainment,_and_Recreation_pct_minorityowned_companies",2010,2020,,,,,,,,,,X,,X,,,,,,,,
business_climate,"Arts,_Entertainment,_and_Recreation_emp_share_industry",2010,2020,,,,,,,,,,X,,X,,,,,,,,
business_climate,"Arts,_Entertainment,_and_Recreation_emp_share_minority",2010,2020,,,,,,,,,,X,,X,,,,,,,,
business_climate,"Arts,_Entertainment,_and_Recreation_average_emp_per_minority",2010,2020,,,,,,,,,,X,,X,,,,,,,,
business_climate,"Arts,_Entertainment,_and_Recreation_HHI_all",2010,2020,,,,,,,,,,X,,X,,,,,,,,
business_climate,"Arts,_Entertainment,_and_Recreation_HHI_minority",2010,2020,,,,,,,,,,X,,X,,,,,,,,
business_climate,Construction_numb_companies,2010,2020,,,,,,,,,,X,,X,,,,,,,,
business_climate,Construction_numb_minorityowned_companies,2010,2020,,,,,,,,,,X,,X,,,,,,,,
business_climate,Construction_emp_industry,2010,2020,,,,,,,,,,X,,X,,,,,,,,
business_climate,Construction_emp_minority,2010,2020,,,,,,,,,,X,,X,,,,,,,,
business_climate,Construction_pct_soloproprietor_companies,2010,2020,,,,,,,,,,X,,X,,,,,,,,
business_climate,Construction_pct_minorityowned_companies,2010,2020,,,,,,,,,,X,,X,,,,,,,,
business_climate,Construction_emp_share_industry,2010,2020,,,,,,,,,,X,,X,,,,,,,,
business_climate,Construction_emp_share_minority,2010,2020,,,,,,,,,,X,,X,,,,,,,,
business_climate,Construction_average_emp_per_minority,2010,2020,,,,,,,,,,X,,X,,,,,,,,
business_climate,Construction_HHI_all,2010,2020,,,,,,,,,,X,,X,,,,,,,,
business_climate,Construction_HHI_minority,2010,2020,,,,,,,,,,X,,X,,,,,,,,
business_climate,Educational_Services_numb_companies,2010,2020,,,,,,,,,,X,,X,,,,,,,,
business_climate,Educational_Services_numb_minorityowned_companies,2010,2020,,,,,,,,,,X,,X,,,,,,,,
business_climate,Educational_Services_emp_industry,2010,2020,,,,,,,,,,X,,X,,,,,,,,
business_climate,Educational_Services_emp_minority,2010,2020,,,,,,,,,,X,,X,,,,,,,,
business_climate,Educational_Services_pct_soloproprietor_companies,2010,2020,,,,,,,,,,X,,X,,,,,,,,
business_climate,Educational_Services_pct_minorityowned_companies,2010,2020,,,,,,,,,,X,,X,,,,,,,,
business_climate,Educational_Services_emp_share_industry,2010,2020,,,,,,,,,,X,,X,,,,,,,,
business_climate,Educational_Services_emp_share_minority,2010,2020,,,,,,,,,,X,,X,,,,,,,,
business_climate,Educational_Services_average_emp_per_minority,2010,2020,,,,,,,,,,X,,X,,,,,,,,
business_climate,Educational_Services_HHI_all,2010,2020,,,,,,,,,,X,,X,,,,,,,,
business_climate,Educational_Services_HHI_minority,2010,2020,,,,,,,,,,X,,X,,,,,,,,
business_climate,Finance_and_Insurance_numb_companies,2010,2020,,,,,,,,,,X,,X,,,,,,,,
business_climate,Finance_and_Insurance_numb_minorityowned_companies,2010,2020,,,,,,,,,,X,,X,,,,,,,,
business_climate,Finance_and_Insurance_emp_industry,2010,2020,,,,,,,,,,X,,X,,,,,,,,
business_climate,Finance_and_Insurance_emp_minority,2010,2020,,,,,,,,,,X,,X,,,,,,,,
business_climate,Finance_and_Insurance_pct_soloproprietor_companies,2010,2020,,,,,,,,,,X,,X,,,,,,,,
business_climate,Finance_and_Insurance_pct_minorityowned_companies,2010,2020,,,,,,,,,,X,,X,,,,,,,,
business_climate,Finance_and_Insurance_emp_share_industry,2010,2020,,,,,,,,,,X,,X,,,,,,,,
business_climate,Finance_and_Insurance_emp_share_minority,2010,2020,,,,,,,,,,X,,X,,,,,,,,
business_climate,Finance_and_Insurance_average_emp_per_minority,2010,2020,,,,,,,,,,X,,X,,,,,,,,
business_climate,Finance_and_Insurance_HHI_all,2010,2020,,,,,,,,,,X,,X,,,,,,,,
business_climate,Finance_and_Insurance_HHI_minority,2010,2020,,,,,,,,,,X,,X,,,,,,,,
business_climate,Health_Care_and_Social_Assistance_numb_companies,2010,2020,,,,,,,,,,X,,X,,,,,,,,
business_climate,Health_Care_and_Social_Assistance_numb_minorityowned_companies,2010,2020,,,,,,,,,,X,,X,,,,,,,,
business_climate,Health_Care_and_Social_Assistance_emp_industry,2010,2020,,,,,,,,,,X,,X,,,,,,,,
business_climate,Health_Care_and_Social_Assistance_emp_minority,2010,2020,,,,,,,,,,X,,X,,,,,,,,
business_climate,Health_Care_and_Social_Assistance_pct_soloproprietor_companies,2010,2020,,,,,,,,,,X,,X,,,,,,,,
business_climate,Health_Care_and_Social_Assistance_pct_minorityowned_companies,2010,2020,,,,,,,,,,X,,X,,,,,,,,
business_climate,Health_Care_and_Social_Assistance_emp_share_industry,2010,2020,,,,,,,,,,X,,X,,,,,,,,
business_climate,Health_Care_and_Social_Assistance_emp_share_minority,2010,2020,,,,,,,,,,X,,X,,,,,,,,
business_climate,Health_Care_and_Social_Assistance_average_emp_per_minority,2010,2020,,,,,,,,,,X,,X,,,,,,,,
business_climate,Health_Care_and_Social_Assistance_HHI_all,2010,2020,,,,,,,,,,X,,X,,,,,,,,
business_climate,Health_Care_and_Social_Assistance_HHI_minority,2010,2020,,,,,,,,,,X,,X,,,,,,,,
business_climate,Information_numb_companies,2010,2020,,,,,,,,,,X,,X,,,,,,,,
business_climate,Information_numb_minorityowned_companies,2010,2020,,,,,,,,,,X,,X,,,,,,,,
business_climate,Information_emp_industry,2010,2020,,,,,,,,,,X,,X,,,,,,,,
business_climate,Information_emp_minority,2010,2020,,,,,,,,,,X,,X,,,,,,,,
business_climate,Information_pct_soloproprietor_companies,2010,2020,,,,,,,,,,X,,X,,,,,,,,
business_climate,Information_pct_minorityowned_companies,2010,2020,,,,,,,,,,X,,X,,,,,,,,
business_climate,Information_emp_share_industry,2010,2020,,,,,,,,,,X,,X,,,,,,,,
business_climate,Information_emp_share_minority,2010,2020,,,,,,,,,,X,,X,,,,,,,,
business_climate,Information_average_emp_per_minority,2010,2020,,,,,,,,,,X,,X,,,,,,,,
business_climate,Information_HHI_all,2010,2020,,,,,,,,,,X,,X,,,,,,,,
business_climate,Information_HHI_minority,2010,2020,,,,,,,,,,X,,X,,,,,,,,
business_climate,Management_of_Companies_and_Enterprises_numb_companies,2010,2020,,,,,,,,,,X,,X,,,,,,,,
business_climate,Management_of_Companies_and_Enterprises_numb_minorityowned_companies,2010,2020,,,,,,,,,,X,,X,,,,,,,,
business_climate,Management_of_Companies_and_Enterprises_emp_industry,2010,2020,,,,,,,,,,X,,X,,,,,,,,
business_climate,Management_of_Companies_and_Enterprises_emp_minority,2010,2020,,,,,,,,,,X,,X,,,,,,,,
business_climate,Management_of_Companies_and_Enterprises_pct_soloproprietor_companies,2010,2020,,,,,,,,,,X,,X,,,,,,,,
business_climate,Management_of_Companies_and_Enterprises_pct_minorityowned_companies,2010,2020,,,,,,,,,,X,,X,,,,,,,,
business_climate,Management_of_Companies_and_Enterprises_emp_share_industry,2010,2020,,,,,,,,,,X,,X,,,,,,,,
business_climate,Management_of_Companies_and_Enterprises_emp_share_minority,2010,2020,,,,,,,,,,X,,X,,,,,,,,
business_climate,Management_of_Companies_and_Enterprises_average_emp_per_minority,2010,2020,,,,,,,,,,X,,X,,,,,,,,
business_climate,Management_of_Companies_and_Enterprises_HHI_all,2010,2020,,,,,,,,,,X,,X,,,,,,,,
business_climate,Management_of_Companies_and_Enterprises_HHI_minority,2010,2020,,,,,,,,,,X,,X,,,,,,,,
business_climate,Manufacturing_numb_companies,2010,2020,,,,,,,,,,X,,X,,,,,,,,
business_climate,Manufacturing_numb_minorityowned_companies,2010,2020,,,,,,,,,,X,,X,,,,,,,,
business_climate,Manufacturing_emp_industry,2010,2020,,,,,,,,,,X,,X,,,,,,,,
business_climate,Manufacturing_emp_minority,2010,2020,,,,,,,,,,X,,X,,,,,,,,
business_climate,Manufacturing_pct_soloproprietor_companies,2010,2020,,,,,,,,,,X,,X,,,,,,,,
business_climate,Manufacturing_pct_minorityowned_companies,2010,2020,,,,,,,,,,X,,X,,,,,,,,
business_climate,Manufacturing_emp_share_industry,2010,2020,,,,,,,,,,X,,X,,,,,,,,
business_climate,Manufacturing_emp_share_minority,2010,2020,,,,,,,,,,X,,X,,,,,,,,
business_climate,Manufacturing_average_emp_per_minority,2010,2020,,,,,,,,,,X,,X,,,,,,,,
business_climate,Manufacturing_HHI_all,2010,2020,,,,,,,,,,X,,X,,,,,,,,
business_climate,Manufacturing_HHI_minority,2010,2020,,,,,,,,,,X,,X,,,,,,,,
business_climate,"Mining,_Quarrying,_and_Oil_and_Gas_Extraction_numb_companies",2010,2020,,,,,,,,,,X,,X,,,,,,,,
business_climate,"Mining,_Quarrying,_and_Oil_and_Gas_Extraction_numb_minorityowned_companies",2010,2020,,,,,,,,,,X,,X,,,,,,,,
business_climate,"Mining,_Quarrying,_and_Oil_and_Gas_Extraction_emp_industry",2010,2020,,,,,,,,,,X,,X,,,,,,,,
business_climate,"Mining,_Quarrying,_and_Oil_and_Gas_Extraction_emp_minority",2010,2020,,,,,,,,,,X,,X,,,,,,,,
business_climate,"Mining,_Quarrying,_and_Oil_and_Gas_Extraction_pct_soloproprietor_companies",2010,2020,,,,,,,,,,X,,X,,,,,,,,
business_climate,"Mining,_Quarrying,_and_Oil_and_Gas_Extraction_pct_minorityowned_companies",2010,2020,,,,,,,,,,X,,X,,,,,,,,
business_climate,"Mining,_Quarrying,_and_Oil_and_Gas_Extraction_emp_share_industry",2010,2020,,,,,,,,,,X,,X,,,,,,,,
business_climate,"Mining,_Quarrying,_and_Oil_and_Gas_Extraction_emp_share_minority",2010,2020,,,,,,,,,,X,,X,,,,,,,,
business_climate,"Mining,_Quarrying,_and_Oil_and_Gas_Extraction_average_emp_per_minority",2010,2020,,,,,,,,,,X,,X,,,,,,,,
business_climate,"Mining,_Quarrying,_and_Oil_and_Gas_Extraction_HHI_all",2010,2020,,,,,,,,,,X,,X,,,,,,,,
business_climate,"Mining,_Quarrying,_and_Oil_and_Gas_Extraction_HHI_minority",2010,2020,,,,,,,,,,X,,X,,,,,,,,
business_climate,Nonclassifiable_Establishments_numb_companies,2010,2020,,,,,,,,,,X,,X,,,,,,,,
business_climate,Nonclassifiable_Establishments_numb_minorityowned_companies,2010,2020,,,,,,,,,,X,,X,,,,,,,,
business_climate,Nonclassifiable_Establishments_emp_industry,2010,2020,,,,,,,,,,X,,X,,,,,,,,
business_climate,Nonclassifiable_Establishments_emp_minority,2010,2020,,,,,,,,,,X,,X,,,,,,,,
business_climate,Nonclassifiable_Establishments_pct_soloproprietor_companies,2010,2020,,,,,,,,,,X,,X,,,,,,,,
business_climate,Nonclassifiable_Establishments_pct_minorityowned_companies,2010,2020,,,,,,,,,,X,,X,,,,,,,,
business_climate,Nonclassifiable_Establishments_emp_share_industry,2010,2020,,,,,,,,,,X,,X,,,,,,,,
business_climate,Nonclassifiable_Establishments_emp_share_minority,2010,2020,,,,,,,,,,X,,X,,,,,,,,
business_climate,Nonclassifiable_Establishments_average_emp_per_minority,2010,2020,,,,,,,,,,X,,X,,,,,,,,
business_climate,Nonclassifiable_Establishments_HHI_all,2010,2020,,,,,,,,,,X,,X,,,,,,,,
business_climate,Nonclassifiable_Establishments_HHI_minority,2010,2020,,,,,,,,,,X,,X,,,,,,,,
business_climate,Other_Services_(except_Public_Administration)_numb_companies,2010,2020,,,,,,,,,,X,,X,,,,,,,,
business_climate,Other_Services_(except_Public_Administration)_numb_minorityowned_companies,2010,2020,,,,,,,,,,X,,X,,,,,,,,
business_climate,Other_Services_(except_Public_Administration)_emp_industry,2010,2020,,,,,,,,,,X,,X,,,,,,,,
business_climate,Other_Services_(except_Public_Administration)_emp_minority,2010,2020,,,,,,,,,,X,,X,,,,,,,,
business_climate,Other_Services_(except_Public_Administration)_pct_soloproprietor_companies,2010,2020,,,,,,,,,,X,,X,,,,,,,,
business_climate,Other_Services_(except_Public_Administration)_pct_minorityowned_companies,2010,2020,,,,,,,,,,X,,X,,,,,,,,
business_climate,Other_Services_(except_Public_Administration)_emp_share_industry,2010,2020,,,,,,,,,,X,,X,,,,,,,,
business_climate,Other_Services_(except_Public_Administration)_emp_share_minority,2010,2020,,,,,,,,,,X,,X,,,,,,,,
business_climate,Other_Services_(except_Public_Administration)_average_emp_per_minority,2010,2020,,,,,,,,,,X,,X,,,,,,,,
business_climate,Other_Services_(except_Public_Administration)_HHI_all,2010,2020,,,,,,,,,,X,,X,,,,,,,,
business_climate,Other_Services_(except_Public_Administration)_HHI_minority,2010,2020,,,,,,,,,,X,,X,,,,,,,,
business_climate,"Professional,_Scientific,_and_Technical_Services_numb_companies",2010,2020,,,,,,,,,,X,,X,,,,,,,,
business_climate,"Professional,_Scientific,_and_Technical_Services_numb_minorityowned_companies",2010,2020,,,,,,,,,,X,,X,,,,,,,,
business_climate,"Professional,_Scientific,_and_Technical_Services_emp_industry",2010,2020,,,,,,,,,,X,,X,,,,,,,,
business_climate,"Professional,_Scientific,_and_Technical_Services_emp_minority",2010,2020,,,,,,,,,,X,,X,,,,,,,,
business_climate,"Professional,_Scientific,_and_Technical_Services_pct_soloproprietor_companies",2010,2020,,,,,,,,,,X,,X,,,,,,,,
business_climate,"Professional,_Scientific,_and_Technical_Services_pct_minorityowned_companies",2010,2020,,,,,,,,,,X,,X,,,,,,,,
business_climate,"Professional,_Scientific,_and_Technical_Services_emp_share_industry",2010,2020,,,,,,,,,,X,,X,,,,,,,,
business_climate,"Professional,_Scientific,_and_Technical_Services_emp_share_minority",2010,2020,,,,,,,,,,X,,X,,,,,,,,
business_climate,"Professional,_Scientific,_and_Technical_Services_average_emp_per_minority",2010,2020,,,,,,,,,,X,,X,,,,,,,,
business_climate,"Professional,_Scientific,_and_Technical_Services_HHI_all",2010,2020,,,,,,,,,,X,,X,,,,,,,,
business_climate,"Professional,_Scientific,_and_Technical_Services_HHI_minority",2010,2020,,,,,,,,,,X,,X,,,,,,,,
business_climate,Public_Administration_numb_companies,2010,2020,,,,,,,,,,X,,X,,,,,,,,
business_climate,Public_Administration_numb_minorityowned_companies,2010,2020,,,,,,,,,,X,,X,,,,,,,,
business_climate,Public_Administration_emp_industry,2010,2020,,,,,,,,,,X,,X,,,,,,,,
business_climate,Public_Administration_emp_minority,2010,2020,,,,,,,,,,X,,X,,,,,,,,
business_climate,Public_Administration_pct_soloproprietor_companies,2010,2020,,,,,,,,,,X,,X,,,,,,,,
business_climate,Public_Administration_pct_minorityowned_companies,2010,2020,,,,,,,,,,X,,X,,,,,,,,
business_climate,Public_Administration_emp_share_industry,2010,2020,,,,,,,,,,X,,X,,,,,,,,
business_climate,Public_Administration_emp_share_minority,2010,2020,,,,,,,,,,X,,X,,,,,,,,
business_climate,Public_Administration_average_emp_per_minority,2010,2020,,,,,,,,,,X,,X,,,,,,,,
business_climate,Public_Administration_HHI_all,2010,2020,,,,,,,,,,X,,X,,,,,,,,
business_climate,Public_Administration_HHI_minority,2010,2020,,,,,,,,,,X,,X,,,,,,,,
business_climate,Real_Estate_and_Rental_and_Leasing_numb_companies,2010,2020,,,,,,,,,,X,,X,,,,,,,,
business_climate,Real_Estate_and_Rental_and_Leasing_numb_minorityowned_companies,2010,2020,,,,,,,,,,X,,X,,,,,,,,
business_climate,Real_Estate_and_Rental_and_Leasing_emp_industry,2010,2020,,,,,,,,,,X,,X,,,,,,,,
business_climate,Real_Estate_and_Rental_and_Leasing_emp_minority,2010,2020,,,,,,,,,,X,,X,,,,,,,,
business_climate,Real_Estate_and_Rental_and_Leasing_pct_soloproprietor_companies,2010,2020,,,,,,,,,,X,,X,,,,,,,,
business_climate,Real_Estate_and_Rental_and_Leasing_pct_minorityowned_companies,2010,2020,,,,,,,,,,X,,X,,,,,,,,
business_climate,Real_Estate_and_Rental_and_Leasing_emp_share_industry,2010,2020,,,,,,,,,,X,,X,,,,,,,,
business_climate,Real_Estate_and_Rental_and_Leasing_emp_share_minority,2010,2020,,,,,,,,,,X,,X,,,,,,,,
business_climate,Real_Estate_and_Rental_and_Leasing_average_emp_per_minority,2010,2020,,,,,,,,,,X,,X,,,,,,,,
business_climate,Real_Estate_and_Rental_and_Leasing_HHI_all,2010,2020,,,,,,,,,,X,,X,,,,,,,,
business_climate,Real_Estate_and_Rental_and_Leasing_HHI_minority,2010,2020,,,,,,,,,,X,,X,,,,,,,,
business_climate,Retail_Trade_numb_companies,2010,2020,,,,,,,,,,X,,X,,,,,,,,
business_climate,Retail_Trade_numb_minorityowned_companies,2010,2020,,,,,,,,,,X,,X,,,,,,,,
business_climate,Retail_Trade_emp_industry,2010,2020,,,,,,,,,,X,,X,,,,,,,,
business_climate,Retail_Trade_emp_minority,2010,2020,,,,,,,,,,X,,X,,,,,,,,
business_climate,Retail_Trade_pct_soloproprietor_companies,2010,2020,,,,,,,,,,X,,X,,,,,,,,
business_climate,Retail_Trade_pct_minorityowned_companies,2010,2020,,,,,,,,,,X,,X,,,,,,,,
business_climate,Retail_Trade_emp_share_industry,2010,2020,,,,,,,,,,X,,X,,,,,,,,
business_climate,Retail_Trade_emp_share_minority,2010,2020,,,,,,,,,,X,,X,,,,,,,,
business_climate,Retail_Trade_average_emp_per_minority,2010,2020,,,,,,,,,,X,,X,,,,,,,,
business_climate,Retail_Trade_HHI_all,2010,2020,,,,,,,,,,X,,X,,,,,,,,
business_climate,Retail_Trade_HHI_minority,2010,2020,,,,,,,,,,X,,X,,,,,,,,
business_climate,Transportation_and_Warehousing_numb_companies,2010,2020,,,,,,,,,,X,,X,,,,,,,,
business_climate,Transportation_and_Warehousing_numb_minorityowned_companies,2010,2020,,,,,,,,,,X,,X,,,,,,,,
business_climate,Transportation_and_Warehousing_emp_industry,2010,2020,,,,,,,,,,X,,X,,,,,,,,
business_climate,Transportation_and_Warehousing_emp_minority,2010,2020,,,,,,,,,,X,,X,,,,,,,,
business_climate,Transportation_and_Warehousing_pct_soloproprietor_companies,2010,2020,,,,,,,,,,X,,X,,,,,,,,
business_climate,Transportation_and_Warehousing_pct_minorityowned_companies,2010,2020,,,,,,,,,,X,,X,,,,,,,,
business_climate,Transportation_and_Warehousing_emp_share_industry,2010,2020,,,,,,,,,,X,,X,,,,,,,,
business_climate,Transportation_and_Warehousing_emp_share_minority,2010,2020,,,,,,,,,,X,,X,,,,,,,,
business_climate,Transportation_and_Warehousing_average_emp_per_minority,2010,2020,,,,,,,,,,X,,X,,,,,,,,
business_climate,Transportation_and_Warehousing_HHI_all,2010,2020,,,,,,,,,,X,,X,,,,,,,,
business_climate,Transportation_and_Warehousing_HHI_minority,2010,2020,,,,,,,,,,X,,X,,,,,,,,
business_climate,Utilities_numb_companies,2010,2020,,,,,,,,,,X,,X,,,,,,,,
business_climate,Utilities_numb_minorityowned_companies,2010,2020,,,,,,,,,,X,,X,,,,,,,,
business_climate,Utilities_emp_industry,2010,2020,,,,,,,,,,X,,X,,,,,,,,
business_climate,Utilities_emp_minority,2010,2020,,,,,,,,,,X,,X,,,,,,,,
business_climate,Utilities_pct_soloproprietor_companies,2010,2020,,,,,,,,,,X,,X,,,,,,,,
business_climate,Utilities_pct_minorityowned_companies,2010,2020,,,,,,,,,,X,,X,,,,,,,,
business_climate,Utilities_emp_share_industry,2010,2020,,,,,,,,,,X,,X,,,,,,,,
business_climate,Utilities_emp_share_minority,2010,2020,,,,,,,,,,X,,X,,,,,,,,
business_climate,Utilities_average_emp_per_minority,2010,2020,,,,,,,,,,X,,X,,,,,,,,
business_climate,Utilities_HHI_all,2010,2020,,,,,,,,,,X,,X,,,,,,,,
business_climate,Utilities_HHI_minority,2010,2020,,,,,,,,,,X,,X,,,,,,,,
business_climate,Wholesale_Trade_numb_companies,2010,2020,,,,,,,,,,X,,X,,,,,,,,
business_climate,Wholesale_Trade_numb_minorityowned_companies,2010,2020,,,,,,,,,,X,,X,,,,,,,,
business_climate,Wholesale_Trade_emp_industry,2010,2020,,,,,,,,,,X,,X,,,,,,,,
business_climate,Wholesale_Trade_emp_minority,2010,2020,,,,,,,,,,X,,X,,,,,,,,
business_climate,Wholesale_Trade_pct_soloproprietor_companies,2010,2020,,,,,,,,,,X,,X,,,,,,,,
business_climate,Wholesale_Trade_pct_minorityowned_companies,2010,2020,,,,,,,,,,X,,X,,,,,,,,
business_climate,Wholesale_Trade_emp_share_industry,2010,2020,,,,,,,,,,X,,X,,,,,,,,
business_climate,Wholesale_Trade_emp_share_minority,2010,2020,,,,,,,,,,X,,X,,,,,,,,
business_climate,Wholesale_Trade_average_emp_per_minority,2010,2020,,,,,,,,,,X,,X,,,,,,,,
business_climate,Wholesale_Trade_HHI_all,2010,2020,,,,,,,,,,X,,X,,,,,,,,
business_climate,Wholesale_Trade_HHI_minority,2010,2020,,,,,,,,,,X,,X,,,,,,,,
business_climate,Accommodation_and_Food_Services_numb_small_companies,2010,2020,,,,,,,,,,X,,X,,,,,,,,
business_climate,Accommodation_and_Food_Services_numb_soloproprietor_companies,2010,2020,,,,,,,,,,X,,,,,,,,,,
business_climate,Accommodation_and_Food_Services_emp_small,2010,2020,,,,,,,,,,X,,X,,,,,,,,
business_climate,Accommodation_and_Food_Services_pct_small_companies,2010,2020,,,,,,,,,,X,,X,,,,,,,,
business_climate,Accommodation_and_Food_Services_emp_share_small,2010,2020,,,,,,,,,,X,,X,,,,,,,,
business_climate,Accommodation_and_Food_Services_HHI_small,2010,2020,,,,,,,,,,X,,X,,,,,,,,
business_climate,Accommodation_and_Food_Services_LQ_all,2010,2020,,,,,,,,,,X,,,,,,,,,,
business_climate,Accommodation_and_Food_Services_LQ_small,2010,2020,,,,,,,,,,X,,,,,,,,,,
business_climate,Accommodation_and_Food_Services_LQ_minority,2010,2020,,,,,,,,,,X,,,,,,,,,,
business_climate,Administrative_and_Support_and_Waste_Management_and_Remediation_Services_numb_small_companies,2010,2020,,,,,,,,,,X,,X,,,,,,,,
business_climate,Administrative_and_Support_and_Waste_Management_and_Remediation_Services_numb_soloproprietor_companies,2010,2020,,,,,,,,,,X,,,,,,,,,,
business_climate,Administrative_and_Support_and_Waste_Management_and_Remediation_Services_emp_small,2010,2020,,,,,,,,,,X,,X,,,,,,,,
business_climate,Administrative_and_Support_and_Waste_Management_and_Remediation_Services_pct_small_companies,2010,2020,,,,,,,,,,X,,X,,,,,,,,
business_climate,Administrative_and_Support_and_Waste_Management_and_Remediation_Services_emp_share_small,2010,2020,,,,,,,,,,X,,X,,,,,,,,
business_climate,Administrative_and_Support_and_Waste_Management_and_Remediation_Services_HHI_small,2010,2020,,,,,,,,,,X,,X,,,,,,,,
business_climate,Administrative_and_Support_and_Waste_Management_and_Remediation_Services_LQ_all,2010,2020,,,,,,,,,,X,,,,,,,,,,
business_climate,Administrative_and_Support_and_Waste_Management_and_Remediation_Services_LQ_small,2010,2020,,,,,,,,,,X,,,,,,,,,,
business_climate,Administrative_and_Support_and_Waste_Management_and_Remediation_Services_LQ_minority,2010,2020,,,,,,,,,,X,,,,,,,,,,
business_climate,"Arts,_Entertainment,_and_Recreation_numb_small_companies",2010,2020,,,,,,,,,,X,,X,,,,,,,,
business_climate,"Arts,_Entertainment,_and_Recreation_numb_soloproprietor_companies",2010,2020,,,,,,,,,,X,,,,,,,,,,
business_climate,"Arts,_Entertainment,_and_Recreation_emp_small",2010,2020,,,,,,,,,,X,,X,,,,,,,,
business_climate,"Arts,_Entertainment,_and_Recreation_pct_small_companies",2010,2020,,,,,,,,,,X,,X,,,,,,,,
business_climate,"Arts,_Entertainment,_and_Recreation_emp_share_small",2010,2020,,,,,,,,,,X,,X,,,,,,,,
business_climate,"Arts,_Entertainment,_and_Recreation_HHI_small",2010,2020,,,,,,,,,,X,,X,,,,,,,,
business_climate,"Arts,_Entertainment,_and_Recreation_LQ_all",2010,2020,,,,,,,,,,X,,,,,,,,,,
business_climate,"Arts,_Entertainment,_and_Recreation_LQ_small",2010,2020,,,,,,,,,,X,,,,,,,,,,
business_climate,"Arts,_Entertainment,_and_Recreation_LQ_minority",2010,2020,,,,,,,,,,X,,,,,,,,,,
business_climate,Educational_Services_numb_small_companies,2010,2020,,,,,,,,,,X,,X,,,,,,,,
business_climate,Educational_Services_numb_soloproprietor_companies,2010,2020,,,,,,,,,,X,,,,,,,,,,
business_climate,Educational_Services_emp_small,2010,2020,,,,,,,,,,X,,X,,,,,,,,
business_climate,Educational_Services_pct_small_companies,2010,2020,,,,,,,,,,X,,X,,,,,,,,
business_climate,Educational_Services_emp_share_small,2010,2020,,,,,,,,,,X,,X,,,,,,,,
business_climate,Educational_Services_HHI_small,2010,2020,,,,,,,,,,X,,X,,,,,,,,
business_climate,Educational_Services_LQ_all,2010,2020,,,,,,,,,,X,,,,,,,,,,
business_climate,Educational_Services_LQ_small,2010,2020,,,,,,,,,,X,,,,,,,,,,
business_climate,Educational_Services_LQ_minority,2010,2020,,,,,,,,,,X,,,,,,,,,,
business_climate,Finance_and_Insurance_numb_small_companies,2010,2020,,,,,,,,,,X,,X,,,,,,,,
business_climate,Finance_and_Insurance_numb_soloproprietor_companies,2010,2020,,,,,,,,,,X,,,,,,,,,,
business_climate,Finance_and_Insurance_emp_small,2010,2020,,,,,,,,,,X,,X,,,,,,,,
business_climate,Finance_and_Insurance_pct_small_companies,2010,2020,,,,,,,,,,X,,X,,,,,,,,
business_climate,Finance_and_Insurance_emp_share_small,2010,2020,,,,,,,,,,X,,X,,,,,,,,
business_climate,Finance_and_Insurance_HHI_small,2010,2020,,,,,,,,,,X,,X,,,,,,,,
business_climate,Finance_and_Insurance_LQ_all,2010,2020,,,,,,,,,,X,,,,,,,,,,
business_climate,Finance_and_Insurance_LQ_small,2010,2020,,,,,,,,,,X,,,,,,,,,,
business_climate,Finance_and_Insurance_LQ_minority,2010,2020,,,,,,,,,,X,,,,,,,,,,
business_climate,Manufacturing_numb_small_companies,2010,2020,,,,,,,,,,X,,X,,,,,,,,
business_climate,Manufacturing_numb_soloproprietor_companies,2010,2020,,,,,,,,,,X,,,,,,,,,,
business_climate,Manufacturing_emp_small,2010,2020,,,,,,,,,,X,,X,,,,,,,,
business_climate,Manufacturing_pct_small_companies,2010,2020,,,,,,,,,,X,,X,,,,,,,,
business_climate,Manufacturing_emp_share_small,2010,2020,,,,,,,,,,X,,X,,,,,,,,
business_climate,Manufacturing_HHI_small,2010,2020,,,,,,,,,,X,,X,,,,,,,,
business_climate,Manufacturing_LQ_all,2010,2020,,,,,,,,,,X,,,,,,,,,,
business_climate,Manufacturing_LQ_small,2010,2020,,,,,,,,,,X,,,,,,,,,,
business_climate,Manufacturing_LQ_minority,2010,2020,,,,,,,,,,X,,,,,,,,,,
business_climate,Other_Services_(except_Public_Administration)_numb_small_companies,2010,2020,,,,,,,,,,X,,X,,,,,,,,
business_climate,Other_Services_(except_Public_Administration)_numb_soloproprietor_companies,2010,2020,,,,,,,,,,X,,,,,,,,,,
business_climate,Other_Services_(except_Public_Administration)_emp_small,2010,2020,,,,,,,,,,X,,X,,,,,,,,
business_climate,Other_Services_(except_Public_Administration)_pct_small_companies,2010,2020,,,,,,,,,,X,,X,,,,,,,,
business_climate,Other_Services_(except_Public_Administration)_emp_share_small,2010,2020,,,,,,,,,,X,,X,,,,,,,,
business_climate,Other_Services_(except_Public_Administration)_HHI_small,2010,2020,,,,,,,,,,X,,X,,,,,,,,
business_climate,Other_Services_(except_Public_Administration)_LQ_all,2010,2020,,,,,,,,,,X,,,,,,,,,,
business_climate,Other_Services_(except_Public_Administration)_LQ_small,2010,2020,,,,,,,,,,X,,,,,,,,,,
business_climate,Other_Services_(except_Public_Administration)_LQ_minority,2010,2020,,,,,,,,,,X,,,,,,,,,,
business_climate,"Professional,_Scientific,_and_Technical_Services_numb_small_companies",2010,2020,,,,,,,,,,X,,X,,,,,,,,
business_climate,"Professional,_Scientific,_and_Technical_Services_numb_soloproprietor_companies",2010,2020,,,,,,,,,,X,,,,,,,,,,
business_climate,"Professional,_Scientific,_and_Technical_Services_emp_small",2010,2020,,,,,,,,,,X,,X,,,,,,,,
business_climate,"Professional,_Scientific,_and_Technical_Services_pct_small_companies",2010,2020,,,,,,,,,,X,,X,,,,,,,,
business_climate,"Professional,_Scientific,_and_Technical_Services_emp_share_small",2010,2020,,,,,,,,,,X,,X,,,,,,,,
business_climate,"Professional,_Scientific,_and_Technical_Services_HHI_small",2010,2020,,,,,,,,,,X,,X,,,,,,,,
business_climate,"Professional,_Scientific,_and_Technical_Services_LQ_all",2010,2020,,,,,,,,,,X,,,,,,,,,,
business_climate,"Professional,_Scientific,_and_Technical_Services_LQ_small",2010,2020,,,,,,,,,,X,,,,,,,,,,
business_climate,"Professional,_Scientific,_and_Technical_Services_LQ_minority",2010,2020,,,,,,,,,,X,,,,,,,,,,
business_climate,Retail_Trade_numb_small_companies,2010,2020,,,,,,,,,,X,,X,,,,,,,,
business_climate,Retail_Trade_numb_soloproprietor_companies,2010,2020,,,,,,,,,,X,,,,,,,,,,
business_climate,Retail_Trade_emp_small,2010,2020,,,,,,,,,,X,,X,,,,,,,,
business_climate,Retail_Trade_pct_small_companies,2010,2020,,,,,,,,,,X,,X,,,,,,,,
business_climate,Retail_Trade_emp_share_small,2010,2020,,,,,,,,,,X,,X,,,,,,,,
business_climate,Retail_Trade_HHI_small,2010,2020,,,,,,,,,,X,,X,,,,,,,,
business_climate,Retail_Trade_LQ_all,2010,2020,,,,,,,,,,X,,,,,,,,,,
business_climate,Retail_Trade_LQ_small,2010,2020,,,,,,,,,,X,,,,,,,,,,
business_climate,Retail_Trade_LQ_minority,2010,2020,,,,,,,,,,X,,,,,,,,,,
business_climate,Wholesale_Trade_numb_small_companies,2010,2020,,,,,,,,,,X,,X,,,,,,,,
business_climate,Wholesale_Trade_numb_soloproprietor_companies,2010,2020,,,,,,,,,,X,,,,,,,,,,
business_climate,Wholesale_Trade_emp_small,2010,2020,,,,,,,,,,X,,X,,,,,,,,
business_climate,Wholesale_Trade_pct_small_companies,2010,2020,,,,,,,,,,X,,X,,,,,,,,
business_climate,Wholesale_Trade_emp_share_small,2010,2020,,,,,,,,,,X,,X,,,,,,,,
business_climate,Wholesale_Trade_HHI_small,2010,2020,,,,,,,,,,X,,X,,,,,,,,
business_climate,Wholesale_Trade_LQ_all,2010,2020,,,,,,,,,,X,,,,,,,,,,
business_climate,Wholesale_Trade_LQ_small,2010,2020,,,,,,,,,,X,,,,,,,,,,
business_climate,Wholesale_Trade_LQ_minority,2010,2020,,,,,,,,,,X,,,,,,,,,,
business_climate,Real_Estate_and_Rental_and_Leasing_numb_small_companies,2010,2020,,,,,,,,,,X,,X,,,,,,,,
business_climate,Real_Estate_and_Rental_and_Leasing_numb_soloproprietor_companies,2010,2020,,,,,,,,,,X,,,,,,,,,,
business_climate,Real_Estate_and_Rental_and_Leasing_emp_small,2010,2020,,,,,,,,,,X,,X,,,,,,,,
business_climate,Real_Estate_and_Rental_and_Leasing_pct_small_companies,2010,2020,,,,,,,,,,X,,X,,,,,,,,
business_climate,Real_Estate_and_Rental_and_Leasing_emp_share_small,2010,2020,,,,,,,,,,X,,X,,,,,,,,
business_climate,Real_Estate_and_Rental_and_Leasing_HHI_small,2010,2020,,,,,,,,,,X,,X,,,,,,,,
business_climate,Real_Estate_and_Rental_and_Leasing_LQ_all,2010,2020,,,,,,,,,,X,,,,,,,,,,
business_climate,Real_Estate_and_Rental_and_Leasing_LQ_small,2010,2020,,,,,,,,,,X,,,,,,,,,,
business_climate,Real_Estate_and_Rental_and_Leasing_LQ_minority,2010,2020,,,,,,,,,,X,,,,,,,,,,
business_climate,Construction_numb_small_companies,2010,2020,,,,,,,,,,X,,X,,,,,,,,
business_climate,Construction_numb_soloproprietor_companies,2010,2020,,,,,,,,,,X,,,,,,,,,,
business_climate,Construction_emp_small,2010,2020,,,,,,,,,,X,,X,,,,,,,,
business_climate,Construction_pct_small_companies,2010,2020,,,,,,,,,,X,,X,,,,,,,,
business_climate,Construction_emp_share_small,2010,2020,,,,,,,,,,X,,X,,,,,,,,
business_climate,Construction_HHI_small,2010,2020,,,,,,,,,,X,,X,,,,,,,,
business_climate,Construction_LQ_all,2010,2020,,,,,,,,,,X,,,,,,,,,,
business_climate,Construction_LQ_small,2010,2020,,,,,,,,,,X,,,,,,,,,,
business_climate,Construction_LQ_minority,2010,2020,,,,,,,,,,X,,,,,,,,,,
business_climate,Health_Care_and_Social_Assistance_numb_small_companies,2010,2020,,,,,,,,,,X,,X,,,,,,,,
business_climate,Health_Care_and_Social_Assistance_numb_soloproprietor_companies,2010,2020,,,,,,,,,,X,,,,,,,,,,
business_climate,Health_Care_and_Social_Assistance_emp_small,2010,2020,,,,,,,,,,X,,X,,,,,,,,
business_climate,Health_Care_and_Social_Assistance_pct_small_companies,2010,2020,,,,,,,,,,X,,X,,,,,,,,
business_climate,Health_Care_and_Social_Assistance_emp_share_small,2010,2020,,,,,,,,,,X,,X,,,,,,,,
business_climate,Health_Care_and_Social_Assistance_HHI_small,2010,2020,,,,,,,,,,X,,X,,,,,,,,
business_climate,Health_Care_and_Social_Assistance_LQ_all,2010,2020,,,,,,,,,,X,,,,,,,,,,
business_climate,Health_Care_and_Social_Assistance_LQ_small,2010,2020,,,,,,,,,,X,,,,,,,,,,
business_climate,Health_Care_and_Social_Assistance_LQ_minority,2010,2020,,,,,,,,,,X,,,,,,,,,,
business_climate,Information_numb_small_companies,2010,2020,,,,,,,,,,X,,X,,,,,,,,
business_climate,Information_numb_soloproprietor_companies,2010,2020,,,,,,,,,,X,,,,,,,,,,
business_climate,Information_emp_small,2010,2020,,,,,,,,,,X,,X,,,,,,,,
business_climate,Information_pct_small_companies,2010,2020,,,,,,,,,,X,,X,,,,,,,,
business_climate,Information_emp_share_small,2010,2020,,,,,,,,,,X,,X,,,,,,,,
business_climate,Information_HHI_small,2010,2020,,,,,,,,,,X,,X,,,,,,,,
business_climate,Information_LQ_all,2010,2020,,,,,,,,,,X,,,,,,,,,,
business_climate,Information_LQ_small,2010,2020,,,,,,,,,,X,,,,,,,,,,
business_climate,Information_LQ_minority,2010,2020,,,,,,,,,,X,,,,,,,,,,
business_climate,Nonclassifiable_Establishments_numb_small_companies,2010,2020,,,,,,,,,,X,,X,,,,,,,,
business_climate,Nonclassifiable_Establishments_numb_soloproprietor_companies,2010,2020,,,,,,,,,,X,,,,,,,,,,
business_climate,Nonclassifiable_Establishments_emp_small,2010,2020,,,,,,,,,,X,,X,,,,,,,,
business_climate,Nonclassifiable_Establishments_pct_small_companies,2010,2020,,,,,,,,,,X,,X,,,,,,,,
business_climate,Nonclassifiable_Establishments_emp_share_small,2010,2020,,,,,,,,,,X,,X,,,,,,,,
business_climate,Nonclassifiable_Establishments_HHI_small,2010,2020,,,,,,,,,,X,,X,,,,,,,,
business_climate,Nonclassifiable_Establishments_LQ_all,2010,2020,,,,,,,,,,X,,,,,,,,,,
business_climate,Nonclassifiable_Establishments_LQ_small,2010,2020,,,,,,,,,,X,,,,,,,,,,
business_climate,Nonclassifiable_Establishments_LQ_minority,2010,2020,,,,,,,,,,X,,,,,,,,,,
business_climate,Transportation_and_Warehousing_numb_small_companies,2010,2020,,,,,,,,,,X,,X,,,,,,,,
business_climate,Transportation_and_Warehousing_numb_soloproprietor_companies,2010,2020,,,,,,,,,,X,,,,,,,,,,
business_climate,Transportation_and_Warehousing_emp_small,2010,2020,,,,,,,,,,X,,X,,,,,,,,
business_climate,Transportation_and_Warehousing_pct_small_companies,2010,2020,,,,,,,,,,X,,X,,,,,,,,
business_climate,Transportation_and_Warehousing_emp_share_small,2010,2020,,,,,,,,,,X,,X,,,,,,,,
business_climate,Transportation_and_Warehousing_HHI_small,2010,2020,,,,,,,,,,X,,X,,,,,,,,
business_climate,Transportation_and_Warehousing_LQ_all,2010,2020,,,,,,,,,,X,,,,,,,,,,
business_climate,Transportation_and_Warehousing_LQ_small,2010,2020,,,,,,,,,,X,,,,,,,,,,
business_climate,Transportation_and_Warehousing_LQ_minority,2010,2020,,,,,,,,,,X,,,,,,,,,,
business_climate,Management_of_Companies_and_Enterprises_numb_small_companies,2010,2020,,,,,,,,,,X,,X,,,,,,,,
business_climate,Management_of_Companies_and_Enterprises_numb_soloproprietor_companies,2010,2020,,,,,,,,,,X,,,,,,,,,,
business_climate,Management_of_Companies_and_Enterprises_emp_small,2010,2020,,,,,,,,,,X,,X,,,,,,,,
business_climate,Management_of_Companies_and_Enterprises_pct_small_companies,2010,2020,,,,,,,,,,X,,X,,,,,,,,
business_climate,Management_of_Companies_and_Enterprises_emp_share_small,2010,2020,,,,,,,,,,X,,X,,,,,,,,
business_climate,Management_of_Companies_and_Enterprises_HHI_small,2010,2020,,,,,,,,,,X,,X,,,,,,,,
business_climate,Management_of_Companies_and_Enterprises_LQ_all,2010,2020,,,,,,,,,,X,,,,,,,,,,
business_climate,Management_of_Companies_and_Enterprises_LQ_small,2010,2020,,,,,,,,,,X,,,,,,,,,,
business_climate,Management_of_Companies_and_Enterprises_LQ_minority,2010,2020,,,,,,,,,,X,,,,,,,,,,
business_climate,"Agriculture,_Forestry,_Fishing_and_Hunting_numb_small_companies",2010,2020,,,,,,,,,,X,,X,,,,,,,,
business_climate,"Agriculture,_Forestry,_Fishing_and_Hunting_numb_soloproprietor_companies",2010,2020,,,,,,,,,,X,,,,,,,,,,
business_climate,"Agriculture,_Forestry,_Fishing_and_Hunting_emp_small",2010,2020,,,,,,,,,,X,,X,,,,,,,,
business_climate,"Agriculture,_Forestry,_Fishing_and_Hunting_pct_small_companies",2010,2020,,,,,,,,,,X,,X,,,,,,,,
business_climate,"Agriculture,_Forestry,_Fishing_and_Hunting_emp_share_small",2010,2020,,,,,,,,,,X,,X,,,,,,,,
business_climate,"Agriculture,_Forestry,_Fishing_and_Hunting_HHI_small",2010,2020,,,,,,,,,,X,,X,,,,,,,,
business_climate,"Agriculture,_Forestry,_Fishing_and_Hunting_LQ_all",2010,2020,,,,,,,,,,X,,,,,,,,,,
business_climate,"Agriculture,_Forestry,_Fishing_and_Hunting_LQ_small",2010,2020,,,,,,,,,,X,,,,,,,,,,
business_climate,"Agriculture,_Forestry,_Fishing_and_Hunting_LQ_minority",2010,2020,,,,,,,,,,X,,,,,,,,,,
business_climate,Public_Administration_numb_small_companies,2010,2020,,,,,,,,,,X,,X,,,,,,,,
business_climate,Public_Administration_numb_soloproprietor_companies,2010,2020,,,,,,,,,,X,,,,,,,,,,
business_climate,Public_Administration_emp_small,2010,2020,,,,,,,,,,X,,X,,,,,,,,
business_climate,Public_Administration_pct_small_companies,2010,2020,,,,,,,,,,X,,X,,,,,,,,
business_climate,Public_Administration_emp_share_small,2010,2020,,,,,,,,,,X,,X,,,,,,,,
business_climate,Public_Administration_HHI_small,2010,2020,,,,,,,,,,X,,X,,,,,,,,
business_climate,Public_Administration_LQ_all,2010,2020,,,,,,,,,,X,,,,,,,,,,
business_climate,Public_Administration_LQ_small,2010,2020,,,,,,,,,,X,,,,,,,,,,
business_climate,Public_Administration_LQ_minority,2010,2020,,,,,,,,,,X,,,,,,,,,,
business_climate,Utilities_numb_small_companies,2010,2020,,,,,,,,,,X,,X,,,,,,,,
business_climate,Utilities_numb_soloproprietor_companies,2010,2020,,,,,,,,,,X,,,,,,,,,,
business_climate,Utilities_emp_small,2010,2020,,,,,,,,,,X,,X,,,,,,,,
business_climate,Utilities_pct_small_companies,2010,2020,,,,,,,,,,X,,X,,,,,,,,
business_climate,Utilities_emp_share_small,2010,2020,,,,,,,,,,X,,X,,,,,,,,
business_climate,Utilities_HHI_small,2010,2020,,,,,,,,,,X,,X,,,,,,,,
business_climate,Utilities_LQ_all,2010,2020,,,,,,,,,,X,,,,,,,,,,
business_climate,Utilities_LQ_small,2010,2020,,,,,,,,,,X,,,,,,,,,,
business_climate,Utilities_LQ_minority,2010,2020,,,,,,,,,,X,,,,,,,,,,
business_climate,"Mining,_Quarrying,_and_Oil_and_Gas_Extraction_numb_small_companies",2010,2020,,,,,,,,,,X,,X,,,,,,,,
business_climate,"Mining,_Quarrying,_and_Oil_and_Gas_Extraction_numb_soloproprietor_companies",2010,2020,,,,,,,,,,X,,,,,,,,,,
business_climate,"Mining,_Quarrying,_and_Oil_and_Gas_Extraction_emp_small",2010,2020,,,,,,,,,,X,,X,,,,,,,,
business_climate,"Mining,_Quarrying,_and_Oil_and_Gas_Extraction_pct_small_companies",2010,2020,,,,,,,,,,X,,X,,,,,,,,
business_climate,"Mining,_Quarrying,_and_Oil_and_Gas_Extraction_emp_share_small",2010,2020,,,,,,,,,,X,,X,,,,,,,,
business_climate,"Mining,_Quarrying,_and_Oil_and_Gas_Extraction_HHI_small",2010,2020,,,,,,,,,,X,,X,,,,,,,,
business_climate,"Mining,_Quarrying,_and_Oil_and_Gas_Extraction_LQ_all",2010,2020,,,,,,,,,,X,,,,,,,,,,
business_climate,"Mining,_Quarrying,_and_Oil_and_Gas_Extraction_LQ_small",2010,2020,,,,,,,,,,X,,,,,,,,,,
business_climate,"Mining,_Quarrying,_and_Oil_and_Gas_Extraction_LQ_minority",2010,2020,,,,,,,,,,X,,,,,,,,,,
business_climate,"Agriculture,_Forestry,_Fishing_and_Hunting_number_jobs",2010,2019,X,X,,X,X,X,,X,,X,,X,,,,,,,X,
business_climate,"Mining,_Quarrying,_and_Oil_and_Gas_Extraction_number_jobs",2010,2019,X,X,,X,X,X,,X,,X,,X,,,,,,,X,
business_climate,Utilities_number_jobs,2010,2019,X,X,,X,X,X,,X,,X,,X,,,,,,,X,
business_climate,Construction_number_jobs,2010,2019,X,X,,X,X,X,,X,,X,,X,,,,,,,X,
business_climate,Manufacturing_number_jobs,2010,2019,X,X,,X,X,X,,X,,X,,X,,,,,,,X,
business_climate,Wholesale_Trade_number_jobs,2010,2019,X,X,,X,X,X,,X,,X,,X,,,,,,,X,
business_climate,Retail_Trade_number_jobs,2010,2019,X,X,,X,X,X,,X,,X,,X,,,,,,,X,
business_climate,Transportation_and_Warehousing_number_jobs,2010,2019,X,X,,X,X,X,,X,,X,,X,,,,,,,X,
business_climate,Information_number_jobs,2010,2019,X,X,,X,X,X,,X,,X,,X,,,,,,,X,
business_climate,Finance_and_Insurance_number_jobs,2010,2019,X,X,,X,X,X,,X,,X,,X,,,,,,,X,
business_climate,Real_Estate_and_Rental_and_Leasing_number_jobs,2010,2019,X,X,,X,X,X,,X,,X,,X,,,,,,,X,
business_climate,"Professional,_Scientific,_and_Technical_Services_number_jobs",2010,2019,X,X,,X,X,X,,X,,X,,X,,,,,,,X,
business_climate,Management_of_Companies_and_Enterprises_number_jobs,2010,2019,X,X,,X,X,X,,X,,X,,X,,,,,,,X,
business_climate,Administrative_and_Support_and_Waste_Management_and_Remediation_Services_number_jobs,2010,2019,X,X,,X,X,X,,X,,X,,X,,,,,,,X,
business_climate,Educational_Services_number_jobs,2010,2019,X,X,,X,X,X,,X,,X,,X,,,,,,,X,
business_climate,Health_Care_and_Social_Assistance_number_jobs,2010,2019,X,X,,X,X,X,,X,,X,,X,,,,,,,X,
business_climate,"Arts,_Entertainment,_and_Recreation_number_jobs",2010,2019,X,X,,X,X,X,,X,,X,,X,,,,,,,X,
business_climate,Accommodation_and_Food_Services_number_jobs,2010,2019,X,X,,X,X,X,,X,,X,,X,,,,,,,X,
business_climate,Other_Services_(except_Public_Administration)_number_jobs,2010,2019,X,X,,X,X,X,,X,,X,,X,,,,,,,X,
business_climate,Public_Administration_number_jobs,2010,2019,X,X,,X,X,X,,X,,X,,X,,,,,,,X,
business_climate,White_number_jobs,2010,2019,X,X,,X,X,X,,X,,X,,X,,,,,,,X,
business_climate,Black_or_African_american_number_jobs,2010,2019,X,X,,X,X,X,,X,,X,,X,,,,,,,X,
business_climate,American_indian_and_Alaska_number_jobs,2010,2019,X,X,,X,X,X,,X,,X,,X,,,,,,,X,
business_climate,Asian_number_jobs,2010,2019,X,X,,X,X,X,,X,,X,,X,,,,,,,X,
business_climate,Hawaiian_and_other_islander_number_jobs,2010,2019,X,X,,X,X,X,,X,,X,,X,,,,,,,X,
business_climate,Two_or_more_races_number_jobs,2010,2019,X,X,,X,X,X,,X,,X,,X,,,,,,,X,
business_climate,Male_number_jobs,2010,2019,X,X,,X,X,X,,X,,X,,X,,,,,,,X,
business_climate,Female_number_jobs,2010,2019,X,X,,X,X,X,,X,,X,,X,,,,,,,X,
business_climate,laborforce,2013,2019,,,,,,,,,,X,,X,,,,,,,X,
business_climate,employed,2013,2019,,,,,,,,,,X,,X,,,,,,,X,
